direction,tube_id,pose_index,x,y,yaw,event
CW,map_v1/CW/inner,0,2.5,2.3,1.5707963267948966,GATE_BEGIN
CW,map_v1/CW/inner,1,2.5,2.314285714285714,1.5707963267948966,
CW,map_v1/CW/inner,2,2.5,2.3285714285714283,1.5707963267948966,
CW,map_v1/CW/inner,3,2.5,2.3428571428571425,1.5707963267948966,
CW,map_v1/CW/inner,4,2.5,2.357142857142857,1.5707963267948966,
CW,map_v1/CW/inner,5,2.5,2.3714285714285714,1.5707963267948966,
CW,map_v1/CW/inner,6,2.5,2.3857142857142857,1.5707963267948966,
CW,map_v1/CW/inner,7,2.5,2.4,1.5707963267948966,
CW,map_v1/CW/inner,8,2.5,2.414285714285714,1.5707963267948966,
CW,map_v1/CW/inner,9,2.5,2.4285714285714284,1.5707963267948966,
CW,map_v1/CW/inner,10,2.5,2.4428571428571426,1.5707963267948966,
CW,map_v1/CW/inner,11,2.5,2.4571428571428573,1.5707963267948966,
CW,map_v1/CW/inner,12,2.5,2.4714285714285715,1.5707963267948966,
CW,map_v1/CW/inner,13,2.5,2.4857142857142858,1.5707963267948966,
CW,map_v1/CW/inner,14,2.5,2.5,1.5707963267948966,GATE
CW,map_v1/CW/inner,15,2.5,2.515,1.5707963267948966,
CW,map_v1/CW/inner,16,2.5,2.53,1.5707963267948966,
CW,map_v1/CW/inner,17,2.5,2.545,1.5707963267948966,
CW,map_v1/CW/inner,18,2.5,2.56,1.5707963267948966,
CW,map_v1/CW/inner,19,2.5,2.575,1.5707963267948966,
CW,map_v1/CW/inner,20,2.5,2.59,1.5707963267948966,
CW,map_v1/CW/inner,21,2.5,2.605,1.5707963267948966,
CW,map_v1/CW/inner,22,2.5,2.62,1.5707963267948966,
CW,map_v1/CW/inner,23,2.5,2.635,1.5707963267948966,
CW,map_v1/CW/inner,24,2.5,2.65,1.5707963267948966,
CW,map_v1/CW/inner,25,2.5,2.665,1.5707963267948966,
CW,map_v1/CW/inner,26,2.5,2.6799999999999997,1.5707963267948966,
CW,map_v1/CW/inner,27,2.5,2.695,1.5707963267948966,
CW,map_v1/CW/inner,28,2.5,2.71,1.5707963267948966,
CW,map_v1/CW/inner,29,2.5,2.725,1.5707963267948966,
CW,map_v1/CW/inner,30,2.5,2.7399999999999998,1.5707963267948966,
CW,map_v1/CW/inner,31,2.5,2.755,1.5707963267948966,
CW,map_v1/CW/inner,32,2.5,2.77,1.5707963267948966,
CW,map_v1/CW/inner,33,2.5,2.7849999999999997,1.5707963267948966,
CW,map_v1/CW/inner,34,2.5,2.8,1.5707963267948966,
CW,map_v1/CW/inner,35,2.5,2.815,1.5707963267948966,
CW,map_v1/CW/inner,36,2.5,2.83,1.5707963267948966,
CW,map_v1/CW/inner,37,2.5,2.8449999999999998,1.5707963267948966,
CW,map_v1/CW/inner,38,2.5,2.86,1.5707963267948966,TURN_ENTRY
CW,map_v1/CW/inner,39,2.4996846381716384,2.874854421118652,1.613250281573137,
CW,map_v1/CW/inner,40,2.4987391209898844,2.889682073566428,1.6557042363513774,
CW,map_v1/CW/inner,41,2.4971651523406067,2.9044562369114075,1.698158191129618,
CW,map_v1/CW/inner,42,2.494965568621698,2.919150287112647,1.7406121459078583,
CW,map_v1/CW/inner,43,2.49214433363169,2.933737744498504,1.7830661006860988,
CW,map_v1/CW/inner,44,2.4887065314267245,2.9481923214847936,1.8255200554643394,
CW,map_v1/CW/inner,45,2.4846583571587377,2.9624879699467925,1.8679740102425797,
CW,map_v1/CW/inner,46,2.4800071059113793,2.97659892815972,1.91042796502082,
CW,map_v1/CW/inner,47,2.474761159553778,2.990499767223108,1.9528819197990606,
CW,map_v1/CW/inner,48,2.4689299716358475,3.004165436885397,1.995335874577301,
CW,map_v1/CW/inner,49,2.4625240503523487,3.0175713106861854,2.0377898293555416,
CW,map_v1/CW/inner,50,2.4555549396064156,3.030693230334772,2.080243784133782,
CW,map_v1/CW/inner,51,2.448035198206659,3.0435075492450308,2.1226977389120223,
CW,map_v1/CW/inner,52,2.4399783772353447,3.0559911751481583,2.165151693690263,
CW,map_v1/CW/inner,53,2.431398995628429,3.0681216117065,2.2076056484685034,
CW,map_v1/CW/inner,54,2.4223125140114536,3.0798769990534747,2.2500596032467435,
CW,map_v1/CW/inner,55,2.4127353068384534,3.0912361531865282,2.292513558024984,
CW,map_v1/CW/inner,56,2.4026846328840836,3.102178604142141,2.3349675128032246,
CW,map_v1/CW/inner,57,2.392178604142141,3.1126846328840836,2.377421467581465,
CW,map_v1/CW/inner,58,2.3812361531865283,3.1227353068384534,2.4198754223597057,
CW,map_v1/CW/inner,59,2.3698769990534747,3.1323125140114536,2.462329377137946,
CW,map_v1/CW/inner,60,2.3581216117065003,3.141398995628429,2.5047833319161863,
CW,map_v1/CW/inner,61,2.3459911751481584,3.1499783772353447,2.547237286694427,
CW,map_v1/CW/inner,62,2.333507549245031,3.158035198206659,2.5896912414726674,
CW,map_v1/CW/inner,63,2.320693230334772,3.1655549396064155,2.6321451962509075,
CW,map_v1/CW/inner,64,2.3075713106861855,3.1725240503523486,2.674599151029148,
CW,map_v1/CW/inner,65,2.294165436885397,3.1789299716358475,2.7170531058073886,
CW,map_v1/CW/inner,66,2.280499767223108,3.184761159553778,2.759507060585629,
CW,map_v1/CW/inner,67,2.26659892815972,3.1900071059113793,2.8019610153638697,
CW,map_v1/CW/inner,68,2.2524879699467926,3.1946583571587377,2.84441497014211,
CW,map_v1/CW/inner,69,2.2381923214847936,3.1987065314267245,2.8868689249203503,
CW,map_v1/CW/inner,70,2.223737744498504,3.20214433363169,2.929322879698591,
CW,map_v1/CW/inner,71,2.209150287112647,3.204965568621698,2.9717768344768314,
CW,map_v1/CW/inner,72,2.1944562369114076,3.2071651523406066,3.014230789255072,
CW,map_v1/CW/inner,73,2.179682073566428,3.2087391209898843,3.056684744033312,
CW,map_v1/CW/inner,74,2.164854421118652,3.2096846381716384,3.0991386988115526,
CW,map_v1/CW/inner,75,2.15,3.21,3.141592653589793,SPLIT|C_RING_ENTRY
CW,map_v1/CW/inner,76,2.135,3.21,3.141592653589793,
CW,map_v1/CW/inner,77,2.12,3.21,3.141592653589793,
CW,map_v1/CW/inner,78,2.105,3.21,3.141592653589793,
CW,map_v1/CW/inner,79,2.09,3.21,3.141592653589793,
CW,map_v1/CW/inner,80,2.0749999999999997,3.21,3.141592653589793,
CW,map_v1/CW/inner,81,2.06,3.21,3.141592653589793,
CW,map_v1/CW/inner,82,2.045,3.21,3.141592653589793,
CW,map_v1/CW/inner,83,2.03,3.21,3.141592653589793,
CW,map_v1/CW/inner,84,2.015,3.21,3.141592653589793,
CW,map_v1/CW/inner,85,2.0,3.21,3.141592653589793,
CW,map_v1/CW/inner,86,1.9849999999999999,3.21,3.141592653589793,
CW,map_v1/CW/inner,87,1.97,3.21,3.141592653589793,
CW,map_v1/CW/inner,88,1.9549999999999998,3.21,3.141592653589793,
CW,map_v1/CW/inner,89,1.94,3.21,3.141592653589793,
CW,map_v1/CW/inner,90,1.9249999999999998,3.21,3.141592653589793,
CW,map_v1/CW/inner,91,1.91,3.21,3.141592653589793,
CW,map_v1/CW/inner,92,1.895,3.21,3.141592653589793,
CW,map_v1/CW/inner,93,1.88,3.21,3.141592653589793,
CW,map_v1/CW/inner,94,1.865,3.21,3.141592653589793,
CW,map_v1/CW/inner,95,1.85,3.21,3.141592653589793,
CW,map_v1/CW/inner,96,1.835,3.21,3.141592653589793,
CW,map_v1/CW/inner,97,1.8199999999999998,3.21,3.141592653589793,
CW,map_v1/CW/inner,98,1.805,3.21,3.141592653589793,
CW,map_v1/CW/inner,99,1.79,3.21,3.141592653589793,
CW,map_v1/CW/inner,100,1.775,3.21,3.141592653589793,
CW,map_v1/CW/inner,101,1.76,3.21,3.141592653589793,
CW,map_v1/CW/inner,102,1.7449999999999999,3.21,3.141592653589793,
CW,map_v1/CW/inner,103,1.73,3.21,3.141592653589793,
CW,map_v1/CW/inner,104,1.7149999999999999,3.21,3.141592653589793,
CW,map_v1/CW/inner,105,1.7,3.21,3.141592653589793,
CW,map_v1/CW/inner,106,1.685,3.21,3.141592653589793,
CW,map_v1/CW/inner,107,1.67,3.21,3.141592653589793,
CW,map_v1/CW/inner,108,1.655,3.21,3.141592653589793,
CW,map_v1/CW/inner,109,1.64,3.21,3.141592653589793,
CW,map_v1/CW/inner,110,1.625,3.21,3.141592653589793,
CW,map_v1/CW/inner,111,1.6099999999999999,3.21,3.141592653589793,
CW,map_v1/CW/inner,112,1.595,3.21,3.141592653589793,
CW,map_v1/CW/inner,113,1.58,3.21,3.141592653589793,
CW,map_v1/CW/inner,114,1.565,3.21,3.141592653589793,
CW,map_v1/CW/inner,115,1.55,3.21,3.141592653589793,
CW,map_v1/CW/inner,116,1.5350000000000001,3.21,3.141592653589793,
CW,map_v1/CW/inner,117,1.52,3.21,3.141592653589793,
CW,map_v1/CW/inner,118,1.505,3.21,3.141592653589793,
CW,map_v1/CW/inner,119,1.49,3.21,3.141592653589793,
CW,map_v1/CW/inner,120,1.475,3.21,3.141592653589793,
CW,map_v1/CW/inner,121,1.46,3.21,3.141592653589793,
CW,map_v1/CW/inner,122,1.4449999999999998,3.21,3.141592653589793,
CW,map_v1/CW/inner,123,1.4300000000000002,3.21,3.141592653589793,
CW,map_v1/CW/inner,124,1.415,3.21,3.141592653589793,
CW,map_v1/CW/inner,125,1.4,3.21,3.141592653589793,
CW,map_v1/CW/inner,126,1.385,3.21,3.141592653589793,
CW,map_v1/CW/inner,127,1.37,3.21,3.141592653589793,
CW,map_v1/CW/inner,128,1.355,3.21,3.141592653589793,
CW,map_v1/CW/inner,129,1.3399999999999999,3.21,3.141592653589793,
CW,map_v1/CW/inner,130,1.325,3.21,3.141592653589793,
CW,map_v1/CW/inner,131,1.31,3.21,3.141592653589793,
CW,map_v1/CW/inner,132,1.295,3.21,3.141592653589793,
CW,map_v1/CW/inner,133,1.28,3.21,3.141592653589793,
CW,map_v1/CW/inner,134,1.2650000000000001,3.21,3.141592653589793,
CW,map_v1/CW/inner,135,1.25,3.21,3.141592653589793,
CW,map_v1/CW/inner,136,1.235,3.21,3.141592653589793,
CW,map_v1/CW/inner,137,1.22,3.21,3.141592653589793,
CW,map_v1/CW/inner,138,1.205,3.21,3.141592653589793,
CW,map_v1/CW/inner,139,1.19,3.21,3.141592653589793,
CW,map_v1/CW/inner,140,1.175,3.21,3.141592653589793,
CW,map_v1/CW/inner,141,1.1600000000000001,3.21,3.141592653589793,
CW,map_v1/CW/inner,142,1.145,3.21,3.141592653589793,
CW,map_v1/CW/inner,143,1.1301016021595165,3.2103000706765195,3.101315824697617,
CW,map_v1/CW/inner,144,1.1152273695748114,3.211199795990342,3.06103899580544,
CW,map_v1/CW/inner,145,1.1004014283055306,3.2126977165837203,3.020762166913263,
CW,map_v1/CW/inner,146,1.0856478260826288,3.2147914028239724,2.980485338021086,
CW,map_v1/CW/inner,147,1.0709904933028636,3.217477458744361,2.9402085091289094,
CW,map_v1/CW/inner,148,1.0564532042136037,3.220751527552361,2.8999316802367328,
CW,map_v1/CW/inner,149,1.0420595383509126,3.2246082986963924,2.8596548513445557,
CW,map_v1/CW/inner,150,1.0278328422934553,3.229041516479556,2.819378022452379,
CW,map_v1/CW/inner,151,1.0137961917942617,3.2340439902063967,2.779101193560202,
CW,map_v1/CW/inner,152,0.9999723543517722,3.2396076058462353,2.738824364668025,
CW,map_v1/CW/inner,153,0.98638375228087,3.2457233391941585,2.6985475357758486,
CW,map_v1/CW/inner,154,0.9730524263438056,3.2523812705083124,2.6582707068836715,
CW,map_v1/CW/inner,155,0.96,3.259570600599758,2.6179938779914944,
CW,map_v1/CW/inner,156,0.9472476443327136,3.267279668348796,2.5777170490993178,
CW,map_v1/CW/inner,157,0.9348160437094724,3.2754959696193473,2.537440220207141,
CW,map_v1/CW/inner,158,0.9227253622319479,3.2842061775407045,2.4971633913149645,
CW,map_v1/CW/inner,159,0.9109952110297105,3.293396164123768,2.4568865624227874,
CW,map_v1/CW/inner,160,0.8996446164509058,3.3030510231766925,2.41660973353061,
CW,map_v1/CW/inner,161,0.8886919892014482,3.3131550944827888,2.376332904638433,
CW,map_v1/CW/inner,162,0.8781550944827887,3.323691989201448,2.336056075746257,
CW,map_v1/CW/inner,163,0.8680510231766926,3.334644616450906,2.29577924685408,
CW,map_v1/CW/inner,164,0.8583961641237678,3.3459952110297104,2.2555024179619036,
CW,map_v1/CW/inner,165,0.8492061775407047,3.357725362231948,2.215225589069727,
CW,map_v1/CW/inner,166,0.8404959696193472,3.3698160437094726,2.1749487601775495,
CW,map_v1/CW/inner,167,0.8322796683487961,3.3822476443327134,2.134671931285373,
CW,map_v1/CW/inner,168,0.8245706005997577,3.395,2.0943951023931953,
CW,map_v1/CW/inner,169,0.8173812705083123,3.4080524263438057,2.0541182735010186,
CW,map_v1/CW/inner,170,0.8107233391941586,3.42138375228087,2.013841444608842,
CW,map_v1/CW/inner,171,0.804607605846235,3.434972354351772,1.973564615716665,
CW,map_v1/CW/inner,172,0.7990439902063966,3.448796191794262,1.9332877868244884,
CW,map_v1/CW/inner,173,0.7940415164795562,3.462832842293455,1.8930109579323118,
CW,map_v1/CW/inner,174,0.7896082986963924,3.4770595383509124,1.8527341290401351,
CW,map_v1/CW/inner,175,0.7857515275523608,3.4914532042136037,1.8124573001479576,
CW,map_v1/CW/inner,176,0.782477458744361,3.5059904933028636,1.772180471255781,
CW,map_v1/CW/inner,177,0.7797914028239723,3.520647826082629,1.7319036423636043,
CW,map_v1/CW/inner,178,0.77769771658372,3.5354014283055304,1.6916268134714267,
CW,map_v1/CW/inner,179,0.7761997959903424,3.5502273695748117,1.65134998457925,
CW,map_v1/CW/inner,180,0.7753000706765193,3.5651016021595163,1.6110731556870734,
CW,map_v1/CW/inner,181,0.775,3.58,1.5707963267948968,SW
CW,map_v1/CW/inner,182,0.775,3.595,1.5707963267948966,
CW,map_v1/CW/inner,183,0.775,3.61,1.5707963267948966,
CW,map_v1/CW/inner,184,0.775,3.625,1.5707963267948966,
CW,map_v1/CW/inner,185,0.775,3.64,1.5707963267948966,
CW,map_v1/CW/inner,186,0.775,3.655,1.5707963267948966,
CW,map_v1/CW/inner,187,0.775,3.67,1.5707963267948966,
CW,map_v1/CW/inner,188,0.775,3.685,1.5707963267948966,
CW,map_v1/CW/inner,189,0.775,3.6999999999999997,1.5707963267948966,
CW,map_v1/CW/inner,190,0.775,3.715,1.5707963267948966,
CW,map_v1/CW/inner,191,0.775,3.73,1.5707963267948966,
CW,map_v1/CW/inner,192,0.775,3.7449999999999997,1.5707963267948966,
CW,map_v1/CW/inner,193,0.775,3.76,1.5707963267948966,
CW,map_v1/CW/inner,194,0.775,3.775,1.5707963267948966,
CW,map_v1/CW/inner,195,0.775,3.7899999999999996,1.5707963267948966,
CW,map_v1/CW/inner,196,0.775,3.8049999999999997,1.5707963267948966,
CW,map_v1/CW/inner,197,0.775,3.82,1.5707963267948966,
CW,map_v1/CW/inner,198,0.775,3.8349999999999995,1.5707963267948966,
CW,map_v1/CW/inner,199,0.775,3.8499999999999996,1.5707963267948966,
CW,map_v1/CW/inner,200,0.775,3.8649999999999998,1.5707963267948966,
CW,map_v1/CW/inner,201,0.775,3.8799999999999994,1.5707963267948966,
CW,map_v1/CW/inner,202,0.775,3.8949999999999996,1.5707963267948966,
CW,map_v1/CW/inner,203,0.775,3.9099999999999997,1.5707963267948966,
CW,map_v1/CW/inner,204,0.775,3.9249999999999994,1.5707963267948966,
CW,map_v1/CW/inner,205,0.775,3.9399999999999995,1.5707963267948966,
CW,map_v1/CW/inner,206,0.7753000706765193,3.9548983978404832,1.53051949790272,
CW,map_v1/CW/inner,207,0.7761997959903424,3.9697726304251884,1.4902426690105428,
CW,map_v1/CW/inner,208,0.77769771658372,3.984598571694469,1.4499658401183662,
CW,map_v1/CW/inner,209,0.7797914028239723,3.9993521739173707,1.409689011226189,
CW,map_v1/CW/inner,210,0.782477458744361,4.0140095066971355,1.3694121823340124,
CW,map_v1/CW/inner,211,0.7857515275523608,4.028546795786395,1.3291353534418358,
CW,map_v1/CW/inner,212,0.7896082986963924,4.042940461649087,1.2888585245496587,
CW,map_v1/CW/inner,213,0.7940415164795562,4.0571671577065445,1.248581695657482,
CW,map_v1/CW/inner,214,0.7990439902063966,4.071203808205738,1.208304866765305,
CW,map_v1/CW/inner,215,0.804607605846235,4.0850276456482275,1.1680280378731283,
CW,map_v1/CW/inner,216,0.8107233391941586,4.0986162477191295,1.1277512089809516,
CW,map_v1/CW/inner,217,0.8173812705083123,4.1119475736561935,1.0874743800887745,
CW,map_v1/CW/inner,218,0.8245706005997577,4.125,1.0471975511965974,
CW,map_v1/CW/inner,219,0.8322796683487961,4.137752355667286,1.0069207223044208,
CW,map_v1/CW/inner,220,0.8404959696193472,4.150183956290527,0.9666438934122441,
CW,map_v1/CW/inner,221,0.8492061775407045,4.162274637768052,0.9263670645200675,
CW,map_v1/CW/inner,222,0.8583961641237678,4.174004788970289,0.8860902356278904,
CW,map_v1/CW/inner,223,0.8680510231766927,4.185355383549094,0.8458134067357133,
CW,map_v1/CW/inner,224,0.8781550944827887,4.1963080107985515,0.8055365778435366,
CW,map_v1/CW/inner,225,0.8886919892014482,4.206844905517211,0.7652597489513601,
CW,map_v1/CW/inner,226,0.8996446164509059,4.216948976823307,0.7249829200591829,
CW,map_v1/CW/inner,227,0.9109952110297105,4.226603835876231,0.6847060911670062,
CW,map_v1/CW/inner,228,0.9227253622319478,4.235793822459295,0.6444292622748296,
CW,map_v1/CW/inner,229,0.9348160437094724,4.244504030380653,0.6041524333826525,
CW,map_v1/CW/inner,230,0.9472476443327136,4.2527203316512034,0.5638756044904758,
CW,map_v1/CW/inner,231,0.9600000000000001,4.260429399400242,0.5235987755982987,
CW,map_v1/CW/inner,232,0.9730524263438056,4.267618729491687,0.48332194670612205,
CW,map_v1/CW/inner,233,0.98638375228087,4.274276660805841,0.44304511781394496,
CW,map_v1/CW/inner,234,0.9999723543517722,4.280392394153765,0.4027682889217683,
CW,map_v1/CW/inner,235,1.0137961917942617,4.285956009793603,0.36249146002959165,
CW,map_v1/CW/inner,236,1.0278328422934553,4.290958483520443,0.3222146311374148,
CW,map_v1/CW/inner,237,1.0420595383509126,4.295391701303608,0.2819378022452379,
CW,map_v1/CW/inner,238,1.0564532042136037,4.299248472447639,0.24166097335306103,
CW,map_v1/CW/inner,239,1.0709904933028636,4.302522541255638,0.20138414446088415,
CW,map_v1/CW/inner,240,1.0856478260826288,4.305208597176027,0.1611073155687073,
CW,map_v1/CW/inner,241,1.1004014283055306,4.30730228341628,0.12083048667653042,
CW,map_v1/CW/inner,242,1.1152273695748116,4.308800204009657,0.08055365778435353,
CW,map_v1/CW/inner,243,1.1301016021595165,4.309699929323481,0.040276828892176875,
CW,map_v1/CW/inner,244,1.145,4.31,0.0,NW
CW,map_v1/CW/inner,245,1.1599723756906077,4.31,0.0,
CW,map_v1/CW/inner,246,1.1749447513812155,4.31,0.0,
CW,map_v1/CW/inner,247,1.1899171270718232,4.31,0.0,
CW,map_v1/CW/inner,248,1.204889502762431,4.31,0.0,
CW,map_v1/CW/inner,249,1.2198618784530386,4.31,0.0,
CW,map_v1/CW/inner,250,1.2348342541436463,4.31,0.0,
CW,map_v1/CW/inner,251,1.249806629834254,4.31,0.0,
CW,map_v1/CW/inner,252,1.2647790055248618,4.31,0.0,
CW,map_v1/CW/inner,253,1.2797513812154695,4.31,0.0,
CW,map_v1/CW/inner,254,1.2947237569060772,4.31,0.0,
CW,map_v1/CW/inner,255,1.3096961325966852,4.31,0.0,
CW,map_v1/CW/inner,256,1.3246685082872929,4.31,0.0,
CW,map_v1/CW/inner,257,1.3396408839779006,4.31,0.0,
CW,map_v1/CW/inner,258,1.3546132596685083,4.31,0.0,
CW,map_v1/CW/inner,259,1.369585635359116,4.31,0.0,
CW,map_v1/CW/inner,260,1.3845580110497238,4.31,0.0,
CW,map_v1/CW/inner,261,1.3995303867403315,4.31,0.0,
CW,map_v1/CW/inner,262,1.4145027624309392,4.31,0.0,
CW,map_v1/CW/inner,263,1.429475138121547,4.31,0.0,
CW,map_v1/CW/inner,264,1.4444475138121546,4.31,0.0,
CW,map_v1/CW/inner,265,1.4594198895027624,4.31,0.0,
CW,map_v1/CW/inner,266,1.47439226519337,4.31,0.0,
CW,map_v1/CW/inner,267,1.489364640883978,4.31,0.0,
CW,map_v1/CW/inner,268,1.5043370165745855,4.31,0.0,
CW,map_v1/CW/inner,269,1.5193093922651935,4.31,0.0,
CW,map_v1/CW/inner,270,1.534281767955801,4.31,0.0,
CW,map_v1/CW/inner,271,1.549254143646409,4.31,0.0,
CW,map_v1/CW/inner,272,1.5642265193370166,4.31,0.0,
CW,map_v1/CW/inner,273,1.5791988950276243,4.31,0.0,
CW,map_v1/CW/inner,274,1.594171270718232,4.31,0.0,
CW,map_v1/CW/inner,275,1.6091436464088398,4.31,0.0,
CW,map_v1/CW/inner,276,1.6241160220994475,4.31,0.0,
CW,map_v1/CW/inner,277,1.6390883977900552,4.31,0.0,
CW,map_v1/CW/inner,278,1.654060773480663,4.31,0.0,
CW,map_v1/CW/inner,279,1.6690331491712707,4.31,0.0,
CW,map_v1/CW/inner,280,1.6840055248618784,4.31,0.0,
CW,map_v1/CW/inner,281,1.698977900552486,4.31,0.0,
CW,map_v1/CW/inner,282,1.7139502762430938,4.31,0.0,
CW,map_v1/CW/inner,283,1.7289226519337015,4.31,0.0,
CW,map_v1/CW/inner,284,1.7438950276243093,4.31,0.0,
CW,map_v1/CW/inner,285,1.758867403314917,4.31,0.0,
CW,map_v1/CW/inner,286,1.7738397790055247,4.31,0.0,
CW,map_v1/CW/inner,287,1.7888121546961324,4.31,0.0,
CW,map_v1/CW/inner,288,1.8037845303867401,4.31,0.0,
CW,map_v1/CW/inner,289,1.8187569060773479,4.31,0.0,
CW,map_v1/CW/inner,290,1.8337292817679558,4.31,0.0,
CW,map_v1/CW/inner,291,1.8487016574585633,4.31,0.0,
CW,map_v1/CW/inner,292,1.863674033149171,4.31,0.0,
CW,map_v1/CW/inner,293,1.8786464088397787,4.31,0.0,
CW,map_v1/CW/inner,294,1.8936187845303867,4.31,0.0,
CW,map_v1/CW/inner,295,1.9085911602209944,4.31,0.0,
CW,map_v1/CW/inner,296,1.923563535911602,4.31,0.0,
CW,map_v1/CW/inner,297,1.9385359116022096,4.31,0.0,
CW,map_v1/CW/inner,298,1.9535082872928176,4.31,0.0,
CW,map_v1/CW/inner,299,1.9684806629834253,4.31,0.0,
CW,map_v1/CW/inner,300,1.983453038674033,4.31,0.0,
CW,map_v1/CW/inner,301,1.9984254143646407,4.31,0.0,
CW,map_v1/CW/inner,302,2.0133977900552487,4.31,0.0,
CW,map_v1/CW/inner,303,2.0283701657458564,4.31,0.0,
CW,map_v1/CW/inner,304,2.0433425414364637,4.31,0.0,
CW,map_v1/CW/inner,305,2.058314917127072,4.31,0.0,
CW,map_v1/CW/inner,306,2.0732872928176795,4.31,0.0,
CW,map_v1/CW/inner,307,2.0882596685082873,4.31,0.0,
CW,map_v1/CW/inner,308,2.103232044198895,4.31,0.0,
CW,map_v1/CW/inner,309,2.1182044198895027,4.31,0.0,
CW,map_v1/CW/inner,310,2.1331767955801104,4.31,0.0,
CW,map_v1/CW/inner,311,2.148149171270718,4.31,0.0,
CW,map_v1/CW/inner,312,2.163121546961326,4.31,0.0,
CW,map_v1/CW/inner,313,2.1780939226519336,4.31,0.0,
CW,map_v1/CW/inner,314,2.1930662983425413,4.31,0.0,
CW,map_v1/CW/inner,315,2.208038674033149,4.31,0.0,
CW,map_v1/CW/inner,316,2.2230110497237567,4.31,0.0,
CW,map_v1/CW/inner,317,2.2379834254143645,4.31,0.0,
CW,map_v1/CW/inner,318,2.252955801104972,4.31,0.0,
CW,map_v1/CW/inner,319,2.26792817679558,4.31,0.0,
CW,map_v1/CW/inner,320,2.2829005524861876,4.31,0.0,
CW,map_v1/CW/inner,321,2.297872928176796,4.31,0.0,
CW,map_v1/CW/inner,322,2.312845303867403,4.31,0.0,
CW,map_v1/CW/inner,323,2.3278176795580108,4.31,0.0,
CW,map_v1/CW/inner,324,2.3427900552486185,4.31,0.0,
CW,map_v1/CW/inner,325,2.3577624309392267,4.31,0.0,
CW,map_v1/CW/inner,326,2.3727348066298344,4.31,0.0,
CW,map_v1/CW/inner,327,2.387707182320442,4.31,0.0,
CW,map_v1/CW/inner,328,2.4026795580110494,4.31,0.0,
CW,map_v1/CW/inner,329,2.4176519337016575,4.31,0.0,
CW,map_v1/CW/inner,330,2.4326243093922653,4.31,0.0,
CW,map_v1/CW/inner,331,2.447596685082873,4.31,0.0,
CW,map_v1/CW/inner,332,2.4625690607734807,4.31,0.0,
CW,map_v1/CW/inner,333,2.4775414364640884,4.31,0.0,
CW,map_v1/CW/inner,334,2.492513812154696,4.31,0.0,
CW,map_v1/CW/inner,335,2.507486187845304,4.31,0.0,
CW,map_v1/CW/inner,336,2.5224585635359116,4.31,0.0,
CW,map_v1/CW/inner,337,2.5374309392265193,4.31,0.0,
CW,map_v1/CW/inner,338,2.552403314917127,4.31,0.0,
CW,map_v1/CW/inner,339,2.5673756906077347,4.31,0.0,
CW,map_v1/CW/inner,340,2.5823480662983425,4.31,0.0,
CW,map_v1/CW/inner,341,2.59732044198895,4.31,0.0,
CW,map_v1/CW/inner,342,2.612292817679558,4.31,0.0,
CW,map_v1/CW/inner,343,2.6272651933701656,4.31,0.0,
CW,map_v1/CW/inner,344,2.6422375690607733,4.31,0.0,
CW,map_v1/CW/inner,345,2.657209944751381,4.31,0.0,
CW,map_v1/CW/inner,346,2.672182320441989,4.31,0.0,
CW,map_v1/CW/inner,347,2.6871546961325965,4.31,0.0,
CW,map_v1/CW/inner,348,2.702127071823204,4.31,0.0,
CW,map_v1/CW/inner,349,2.717099447513812,4.31,0.0,
CW,map_v1/CW/inner,350,2.7320718232044197,4.31,0.0,
CW,map_v1/CW/inner,351,2.7470441988950274,4.31,0.0,
CW,map_v1/CW/inner,352,2.762016574585635,4.31,0.0,
CW,map_v1/CW/inner,353,2.776988950276243,4.31,0.0,
CW,map_v1/CW/inner,354,2.7919613259668505,4.31,0.0,
CW,map_v1/CW/inner,355,2.8069337016574583,4.31,0.0,
CW,map_v1/CW/inner,356,2.821906077348066,4.31,0.0,
CW,map_v1/CW/inner,357,2.8368784530386737,4.31,0.0,
CW,map_v1/CW/inner,358,2.8518508287292814,4.31,0.0,
CW,map_v1/CW/inner,359,2.866823204419889,4.31,0.0,
CW,map_v1/CW/inner,360,2.881795580110497,4.31,0.0,
CW,map_v1/CW/inner,361,2.8967679558011046,4.31,0.0,
CW,map_v1/CW/inner,362,2.9117403314917123,4.31,0.0,
CW,map_v1/CW/inner,363,2.92671270718232,4.31,0.0,
CW,map_v1/CW/inner,364,2.9416850828729277,4.31,0.0,
CW,map_v1/CW/inner,365,2.9566574585635355,4.31,0.0,
CW,map_v1/CW/inner,366,2.971629834254143,4.31,0.0,
CW,map_v1/CW/inner,367,2.986602209944751,4.31,0.0,
CW,map_v1/CW/inner,368,3.0015745856353586,4.31,0.0,
CW,map_v1/CW/inner,369,3.0165469613259663,4.31,0.0,
CW,map_v1/CW/inner,370,3.031519337016574,4.31,0.0,
CW,map_v1/CW/inner,371,3.0464917127071818,4.31,0.0,
CW,map_v1/CW/inner,372,3.0614640883977895,4.31,0.0,
CW,map_v1/CW/inner,373,3.076436464088397,4.31,0.0,
CW,map_v1/CW/inner,374,3.0914088397790054,4.31,0.0,
CW,map_v1/CW/inner,375,3.106381215469613,4.31,0.0,
CW,map_v1/CW/inner,376,3.121353591160221,4.31,0.0,
CW,map_v1/CW/inner,377,3.136325966850828,4.31,0.0,
CW,map_v1/CW/inner,378,3.1512983425414363,4.31,0.0,
CW,map_v1/CW/inner,379,3.166270718232044,4.31,0.0,
CW,map_v1/CW/inner,380,3.1812430939226517,4.31,0.0,
CW,map_v1/CW/inner,381,3.1962154696132594,4.31,0.0,
CW,map_v1/CW/inner,382,3.211187845303867,4.31,0.0,
CW,map_v1/CW/inner,383,3.226160220994475,4.31,0.0,
CW,map_v1/CW/inner,384,3.2411325966850826,4.31,0.0,
CW,map_v1/CW/inner,385,3.2561049723756903,4.31,0.0,
CW,map_v1/CW/inner,386,3.271077348066298,4.31,0.0,
CW,map_v1/CW/inner,387,3.2860497237569057,4.31,0.0,
CW,map_v1/CW/inner,388,3.3010220994475135,4.31,0.0,
CW,map_v1/CW/inner,389,3.315994475138121,4.31,0.0,
CW,map_v1/CW/inner,390,3.330966850828729,4.31,0.0,
CW,map_v1/CW/inner,391,3.3459392265193366,4.31,0.0,
CW,map_v1/CW/inner,392,3.3609116022099443,4.31,0.0,
CW,map_v1/CW/inner,393,3.375883977900552,4.31,0.0,
CW,map_v1/CW/inner,394,3.3908563535911598,4.31,0.0,
CW,map_v1/CW/inner,395,3.4058287292817675,4.31,0.0,
CW,map_v1/CW/inner,396,3.420801104972375,4.31,0.0,
CW,map_v1/CW/inner,397,3.435773480662983,4.31,0.0,
CW,map_v1/CW/inner,398,3.450745856353591,4.31,0.0,
CW,map_v1/CW/inner,399,3.4657182320441984,4.31,0.0,
CW,map_v1/CW/inner,400,3.480690607734806,4.31,0.0,
CW,map_v1/CW/inner,401,3.495662983425414,4.31,0.0,
CW,map_v1/CW/inner,402,3.5106353591160215,4.31,0.0,
CW,map_v1/CW/inner,403,3.5256077348066293,4.31,0.0,
CW,map_v1/CW/inner,404,3.540580110497237,4.31,0.0,
CW,map_v1/CW/inner,405,3.5555524861878447,4.31,0.0,
CW,map_v1/CW/inner,406,3.570524861878453,4.31,0.0,
CW,map_v1/CW/inner,407,3.5854972375690606,4.31,0.0,
CW,map_v1/CW/inner,408,3.6004696132596683,4.31,0.0,
CW,map_v1/CW/inner,409,3.615441988950276,4.31,0.0,
CW,map_v1/CW/inner,410,3.6304143646408837,4.31,0.0,
CW,map_v1/CW/inner,411,3.645386740331491,4.31,0.0,
CW,map_v1/CW/inner,412,3.6603591160220987,4.31,0.0,
CW,map_v1/CW/inner,413,3.6753314917127065,4.31,0.0,
CW,map_v1/CW/inner,414,3.6903038674033146,4.31,0.0,
CW,map_v1/CW/inner,415,3.7052762430939223,4.31,0.0,
CW,map_v1/CW/inner,416,3.72024861878453,4.31,0.0,
CW,map_v1/CW/inner,417,3.735220994475138,4.31,0.0,
CW,map_v1/CW/inner,418,3.7501933701657455,4.31,0.0,
CW,map_v1/CW/inner,419,3.765165745856353,4.31,0.0,
CW,map_v1/CW/inner,420,3.780138121546961,4.31,0.0,
CW,map_v1/CW/inner,421,3.7951104972375687,4.31,0.0,
CW,map_v1/CW/inner,422,3.8100828729281764,4.31,0.0,
CW,map_v1/CW/inner,423,3.825055248618784,4.31,0.0,
CW,map_v1/CW/inner,424,3.840027624309392,4.31,0.0,
CW,map_v1/CW/inner,425,3.8549999999999995,4.31,0.0,
CW,map_v1/CW/inner,426,3.8698983978404833,4.309699929323481,-0.040276828892176875,
CW,map_v1/CW/inner,427,3.884772630425188,4.308800204009657,-0.08055365778435375,
CW,map_v1/CW/inner,428,3.899598571694469,4.30730228341628,-0.12083048667653042,
CW,map_v1/CW/inner,429,3.914352173917371,4.305208597176027,-0.1611073155687073,
CW,map_v1/CW/inner,430,3.929009506697136,4.302522541255638,-0.20138414446088415,
CW,map_v1/CW/inner,431,3.943546795786396,4.299248472447639,-0.24166097335306103,
CW,map_v1/CW/inner,432,3.957940461649087,4.295391701303608,-0.2819378022452379,
CW,map_v1/CW/inner,433,3.9721671577065445,4.290958483520443,-0.32221463113741455,
CW,map_v1/CW/inner,434,3.9862038082057376,4.285956009793603,-0.36249146002959165,
CW,map_v1/CW/inner,435,4.0000276456482275,4.280392394153765,-0.4027682889217683,
CW,map_v1/CW/inner,436,4.0136162477191295,4.274276660805841,-0.4430451178139452,
CW,map_v1/CW/inner,437,4.026947573656194,4.267618729491687,-0.48332194670612205,
CW,map_v1/CW/inner,438,4.039999999999999,4.260429399400242,-0.5235987755982989,
CW,map_v1/CW/inner,439,4.052752355667286,4.2527203316512034,-0.5638756044904758,
CW,map_v1/CW/inner,440,4.065183956290527,4.244504030380653,-0.6041524333826525,
CW,map_v1/CW/inner,441,4.077274637768052,4.235793822459295,-0.6444292622748293,
CW,map_v1/CW/inner,442,4.089004788970289,4.226603835876231,-0.6847060911670062,
CW,map_v1/CW/inner,443,4.100355383549093,4.216948976823307,-0.7249829200591831,
CW,map_v1/CW/inner,444,4.111308010798552,4.206844905517211,-0.7652597489513598,
CW,map_v1/CW/inner,445,4.121844905517211,4.1963080107985515,-0.8055365778435367,
CW,map_v1/CW/inner,446,4.131948976823307,4.185355383549093,-0.8458134067357136,
CW,map_v1/CW/inner,447,4.141603835876232,4.174004788970289,-0.8860902356278902,
CW,map_v1/CW/inner,448,4.150793822459295,4.162274637768052,-0.9263670645200671,
CW,map_v1/CW/inner,449,4.159504030380653,4.150183956290527,-0.966643893412244,
CW,map_v1/CW/inner,450,4.1677203316512035,4.137752355667286,-1.006920722304421,
CW,map_v1/CW/inner,451,4.175429399400242,4.124999999999999,-1.0471975511965979,
CW,map_v1/CW/inner,452,4.182618729491687,4.1119475736561935,-1.0874743800887745,
CW,map_v1/CW/inner,453,4.189276660805841,4.0986162477191295,-1.1277512089809514,
CW,map_v1/CW/inner,454,4.195392394153765,4.0850276456482275,-1.1680280378731283,
CW,map_v1/CW/inner,455,4.200956009793603,4.071203808205738,-1.208304866765305,
CW,map_v1/CW/inner,456,4.205958483520443,4.0571671577065445,-1.2485816956574818,
CW,map_v1/CW/inner,457,4.210391701303608,4.042940461649087,-1.2888585245496587,
CW,map_v1/CW/inner,458,4.214248472447639,4.028546795786396,-1.3291353534418355,
CW,map_v1/CW/inner,459,4.217522541255638,4.0140095066971355,-1.3694121823340124,
CW,map_v1/CW/inner,460,4.220208597176027,3.9993521739173707,-1.4096890112261893,
CW,map_v1/CW/inner,461,4.22230228341628,3.984598571694469,-1.4499658401183662,
CW,map_v1/CW/inner,462,4.223800204009657,3.969772630425188,-1.490242669010543,
CW,map_v1/CW/inner,463,4.224699929323481,3.9548983978404832,-1.5305194979027197,
CW,map_v1/CW/inner,464,4.225,3.9399999999999995,-1.5707963267948966,NE
CW,map_v1/CW/inner,465,4.225,3.9249999999999994,-1.5707963267948966,
CW,map_v1/CW/inner,466,4.225,3.9099999999999997,-1.5707963267948966,
CW,map_v1/CW/inner,467,4.225,3.8949999999999996,-1.5707963267948966,
CW,map_v1/CW/inner,468,4.225,3.8799999999999994,-1.5707963267948966,
CW,map_v1/CW/inner,469,4.225,3.8649999999999998,-1.5707963267948966,
CW,map_v1/CW/inner,470,4.225,3.8499999999999996,-1.5707963267948966,
CW,map_v1/CW/inner,471,4.225,3.8349999999999995,-1.5707963267948966,
CW,map_v1/CW/inner,472,4.225,3.82,-1.5707963267948966,
CW,map_v1/CW/inner,473,4.225,3.8049999999999997,-1.5707963267948966,
CW,map_v1/CW/inner,474,4.225,3.7899999999999996,-1.5707963267948966,
CW,map_v1/CW/inner,475,4.225,3.775,-1.5707963267948966,
CW,map_v1/CW/inner,476,4.225,3.76,-1.5707963267948966,
CW,map_v1/CW/inner,477,4.225,3.7449999999999997,-1.5707963267948966,
CW,map_v1/CW/inner,478,4.225,3.73,-1.5707963267948966,
CW,map_v1/CW/inner,479,4.225,3.715,-1.5707963267948966,
CW,map_v1/CW/inner,480,4.225,3.6999999999999997,-1.5707963267948966,
CW,map_v1/CW/inner,481,4.225,3.685,-1.5707963267948966,
CW,map_v1/CW/inner,482,4.225,3.67,-1.5707963267948966,
CW,map_v1/CW/inner,483,4.225,3.655,-1.5707963267948966,
CW,map_v1/CW/inner,484,4.225,3.64,-1.5707963267948966,
CW,map_v1/CW/inner,485,4.225,3.625,-1.5707963267948966,
CW,map_v1/CW/inner,486,4.225,3.61,-1.5707963267948966,
CW,map_v1/CW/inner,487,4.225,3.595,-1.5707963267948966,
CW,map_v1/CW/inner,488,4.225,3.58,-1.5707963267948966,
CW,map_v1/CW/inner,489,4.224699929323481,3.5651016021595163,-1.6110731556870734,
CW,map_v1/CW/inner,490,4.223800204009657,3.5502273695748117,-1.6513499845792503,
CW,map_v1/CW/inner,491,4.22230228341628,3.5354014283055304,-1.691626813471427,
CW,map_v1/CW/inner,492,4.220208597176027,3.520647826082629,-1.7319036423636038,
CW,map_v1/CW/inner,493,4.217522541255638,3.5059904933028636,-1.7721804712557807,
CW,map_v1/CW/inner,494,4.214248472447639,3.4914532042136037,-1.8124573001479576,
CW,map_v1/CW/inner,495,4.210391701303608,3.4770595383509124,-1.8527341290401345,
CW,map_v1/CW/inner,496,4.205958483520443,3.462832842293455,-1.8930109579323111,
CW,map_v1/CW/inner,497,4.200956009793603,3.448796191794262,-1.9332877868244882,
CW,map_v1/CW/inner,498,4.195392394153765,3.434972354351772,-1.9735646157166649,
CW,map_v1/CW/inner,499,4.189276660805841,3.42138375228087,-2.0138414446088415,
CW,map_v1/CW/inner,500,4.182618729491687,3.4080524263438057,-2.0541182735010186,
CW,map_v1/CW/inner,501,4.175429399400242,3.395,-2.0943951023931957,
CW,map_v1/CW/inner,502,4.1677203316512035,3.382247644332714,-2.1346719312853724,
CW,map_v1/CW/inner,503,4.159504030380653,3.3698160437094726,-2.174948760177549,
CW,map_v1/CW/inner,504,4.150793822459295,3.357725362231948,-2.2152255890697257,
CW,map_v1/CW/inner,505,4.141603835876232,3.3459952110297104,-2.2555024179619028,
CW,map_v1/CW/inner,506,4.131948976823307,3.334644616450906,-2.29577924685408,
CW,map_v1/CW/inner,507,4.121844905517211,3.3236919892014485,-2.3360560757462565,
CW,map_v1/CW/inner,508,4.111308010798552,3.3131550944827888,-2.376332904638433,
CW,map_v1/CW/inner,509,4.100355383549093,3.3030510231766925,-2.4166097335306103,
CW,map_v1/CW/inner,510,4.089004788970289,3.293396164123768,-2.456886562422787,
CW,map_v1/CW/inner,511,4.077274637768052,3.2842061775407045,-2.4971633913149636,
CW,map_v1/CW/inner,512,4.065183956290527,3.2754959696193473,-2.5374402202071407,
CW,map_v1/CW/inner,513,4.052752355667286,3.267279668348796,-2.5777170490993173,
CW,map_v1/CW/inner,514,4.039999999999999,3.2595706005997576,-2.6179938779914944,
CW,map_v1/CW/inner,515,4.026947573656194,3.2523812705083124,-2.658270706883671,
CW,map_v1/CW/inner,516,4.0136162477191295,3.245723339194159,-2.698547535775848,
CW,map_v1/CW/inner,517,4.0000276456482275,3.2396076058462353,-2.738824364668025,
CW,map_v1/CW/inner,518,3.9862038082057376,3.2340439902063967,-2.7791011935602015,
CW,map_v1/CW/inner,519,3.9721671577065445,3.229041516479556,-2.819378022452378,
CW,map_v1/CW/inner,520,3.957940461649087,3.2246082986963924,-2.859654851344555,
CW,map_v1/CW/inner,521,3.943546795786396,3.220751527552361,-2.8999316802367323,
CW,map_v1/CW/inner,522,3.929009506697136,3.217477458744361,-2.940208509128909,
CW,map_v1/CW/inner,523,3.914352173917371,3.2147914028239724,-2.9804853380210856,
CW,map_v1/CW/inner,524,3.899598571694469,3.2126977165837203,-3.0207621669132627,
CW,map_v1/CW/inner,525,3.884772630425188,3.211199795990342,-3.06103899580544,
CW,map_v1/CW/inner,526,3.8698983978404833,3.2103000706765195,-3.1013158246976165,
CW,map_v1/CW/inner,527,3.8549999999999995,3.21,-3.141592653589793,SE
CW,map_v1/CW/inner,528,3.8399999999999994,3.21,3.141592653589793,
CW,map_v1/CW/inner,529,3.8249999999999997,3.21,3.141592653589793,
CW,map_v1/CW/inner,530,3.8099999999999996,3.21,3.141592653589793,
CW,map_v1/CW/inner,531,3.7949999999999995,3.21,3.141592653589793,
CW,map_v1/CW/inner,532,3.7799999999999994,3.21,3.141592653589793,
CW,map_v1/CW/inner,533,3.7649999999999997,3.21,3.141592653589793,
CW,map_v1/CW/inner,534,3.7499999999999996,3.21,3.141592653589793,
CW,map_v1/CW/inner,535,3.7349999999999994,3.21,3.141592653589793,
CW,map_v1/CW/inner,536,3.7199999999999998,3.21,3.141592653589793,
CW,map_v1/CW/inner,537,3.7049999999999996,3.21,3.141592653589793,
CW,map_v1/CW/inner,538,3.6899999999999995,3.21,3.141592653589793,
CW,map_v1/CW/inner,539,3.675,3.21,3.141592653589793,
CW,map_v1/CW/inner,540,3.6599999999999997,3.21,3.141592653589793,
CW,map_v1/CW/inner,541,3.6449999999999996,3.21,3.141592653589793,
CW,map_v1/CW/inner,542,3.6299999999999994,3.21,3.141592653589793,
CW,map_v1/CW/inner,543,3.6149999999999998,3.21,3.141592653589793,
CW,map_v1/CW/inner,544,3.5999999999999996,3.21,3.141592653589793,
CW,map_v1/CW/inner,545,3.5849999999999995,3.21,3.141592653589793,
CW,map_v1/CW/inner,546,3.57,3.21,3.141592653589793,
CW,map_v1/CW/inner,547,3.5549999999999997,3.21,3.141592653589793,
CW,map_v1/CW/inner,548,3.5399999999999996,3.21,3.141592653589793,
CW,map_v1/CW/inner,549,3.5249999999999995,3.21,3.141592653589793,
CW,map_v1/CW/inner,550,3.51,3.21,3.141592653589793,
CW,map_v1/CW/inner,551,3.4949999999999997,3.21,3.141592653589793,
CW,map_v1/CW/inner,552,3.4799999999999995,3.21,3.141592653589793,
CW,map_v1/CW/inner,553,3.465,3.21,3.141592653589793,
CW,map_v1/CW/inner,554,3.4499999999999997,3.21,3.141592653589793,
CW,map_v1/CW/inner,555,3.4349999999999996,3.21,3.141592653589793,
CW,map_v1/CW/inner,556,3.42,3.21,3.141592653589793,
CW,map_v1/CW/inner,557,3.405,3.21,3.141592653589793,
CW,map_v1/CW/inner,558,3.3899999999999997,3.21,3.141592653589793,
CW,map_v1/CW/inner,559,3.375,3.21,3.141592653589793,
CW,map_v1/CW/inner,560,3.36,3.21,3.141592653589793,
CW,map_v1/CW/inner,561,3.3449999999999998,3.21,3.141592653589793,
CW,map_v1/CW/inner,562,3.33,3.21,3.141592653589793,
CW,map_v1/CW/inner,563,3.315,3.21,3.141592653589793,
CW,map_v1/CW/inner,564,3.3,3.21,3.141592653589793,
CW,map_v1/CW/inner,565,3.285,3.21,3.141592653589793,
CW,map_v1/CW/inner,566,3.2699999999999996,3.21,3.141592653589793,
CW,map_v1/CW/inner,567,3.255,3.21,3.141592653589793,
CW,map_v1/CW/inner,568,3.2399999999999998,3.21,3.141592653589793,
CW,map_v1/CW/inner,569,3.2249999999999996,3.21,3.141592653589793,
CW,map_v1/CW/inner,570,3.21,3.21,3.141592653589793,
CW,map_v1/CW/inner,571,3.195,3.21,3.141592653589793,
CW,map_v1/CW/inner,572,3.1799999999999997,3.21,3.141592653589793,
CW,map_v1/CW/inner,573,3.165,3.21,3.141592653589793,
CW,map_v1/CW/inner,574,3.15,3.21,3.141592653589793,
CW,map_v1/CW/inner,575,3.135,3.21,3.141592653589793,
CW,map_v1/CW/inner,576,3.12,3.21,3.141592653589793,
CW,map_v1/CW/inner,577,3.105,3.21,3.141592653589793,
CW,map_v1/CW/inner,578,3.09,3.21,3.141592653589793,
CW,map_v1/CW/inner,579,3.075,3.21,3.141592653589793,
CW,map_v1/CW/inner,580,3.06,3.21,3.141592653589793,
CW,map_v1/CW/inner,581,3.045,3.21,3.141592653589793,
CW,map_v1/CW/inner,582,3.03,3.21,3.141592653589793,
CW,map_v1/CW/inner,583,3.015,3.21,3.141592653589793,
CW,map_v1/CW/inner,584,3.0,3.21,3.141592653589793,
CW,map_v1/CW/inner,585,2.9850000000000003,3.21,3.141592653589793,
CW,map_v1/CW/inner,586,2.97,3.21,3.141592653589793,
CW,map_v1/CW/inner,587,2.955,3.21,3.141592653589793,
CW,map_v1/CW/inner,588,2.94,3.21,3.141592653589793,
CW,map_v1/CW/inner,589,2.925,3.21,3.141592653589793,
CW,map_v1/CW/inner,590,2.91,3.21,3.141592653589793,
CW,map_v1/CW/inner,591,2.895,3.21,3.141592653589793,
CW,map_v1/CW/inner,592,2.88,3.21,3.141592653589793,
CW,map_v1/CW/inner,593,2.865,3.21,3.141592653589793,
CW,map_v1/CW/inner,594,2.85,3.21,3.141592653589793,C_RING_COMPLETE|RETURN_SPLIT
CW,map_v1/CW/inner,595,2.835145578881348,3.2096846381716384,-3.099138698811553,
CW,map_v1/CW/inner,596,2.820317926433572,3.2087391209898843,-3.0566847440333125,
CW,map_v1/CW/inner,597,2.8055437630885924,3.2071651523406066,-3.014230789255072,
CW,map_v1/CW/inner,598,2.790849712887353,3.204965568621698,-2.971776834476832,
CW,map_v1/CW/inner,599,2.776262255501496,3.20214433363169,-2.9293228796985913,
CW,map_v1/CW/inner,600,2.7618076785152064,3.1987065314267245,-2.8868689249203507,
CW,map_v1/CW/inner,601,2.7475120300532074,3.1946583571587377,-2.8444149701421106,
CW,map_v1/CW/inner,602,2.73340107184028,3.1900071059113793,-2.8019610153638697,
CW,map_v1/CW/inner,603,2.719500232776892,3.184761159553778,-2.7595070605856296,
CW,map_v1/CW/inner,604,2.705834563114603,3.1789299716358475,-2.717053105807389,
CW,map_v1/CW/inner,605,2.6924286893138145,3.1725240503523486,-2.6745991510291485,
CW,map_v1/CW/inner,606,2.679306769665228,3.1655549396064155,-2.632145196250908,
CW,map_v1/CW/inner,607,2.666492450754969,3.158035198206659,-2.589691241472668,
CW,map_v1/CW/inner,608,2.6540088248518416,3.1499783772353447,-2.547237286694427,
CW,map_v1/CW/inner,609,2.6418783882934997,3.141398995628429,-2.5047833319161867,
CW,map_v1/CW/inner,610,2.6301230009465253,3.1323125140114536,-2.462329377137946,
CW,map_v1/CW/inner,611,2.6187638468134717,3.1227353068384534,-2.4198754223597057,
CW,map_v1/CW/inner,612,2.607821395857859,3.1126846328840836,-2.3774214675814656,
CW,map_v1/CW/inner,613,2.5973153671159164,3.102178604142141,-2.334967512803225,
CW,map_v1/CW/inner,614,2.5872646931615466,3.0912361531865282,-2.2925135580249845,
CW,map_v1/CW/inner,615,2.5776874859885464,3.0798769990534747,-2.250059603246744,
CW,map_v1/CW/inner,616,2.568601004371571,3.0681216117065,-2.2076056484685034,
CW,map_v1/CW/inner,617,2.5600216227646553,3.0559911751481583,-2.165151693690263,
CW,map_v1/CW/inner,618,2.551964801793341,3.0435075492450308,-2.122697738912022,
CW,map_v1/CW/inner,619,2.5444450603935844,3.030693230334772,-2.0802437841337826,
CW,map_v1/CW/inner,620,2.5374759496476513,3.0175713106861854,-2.037789829355542,
CW,map_v1/CW/inner,621,2.5310700283641525,3.004165436885397,-1.9953358745773013,
CW,map_v1/CW/inner,622,2.525238840446222,2.990499767223108,-1.9528819197990608,
CW,map_v1/CW/inner,623,2.5199928940886207,2.97659892815972,-1.9104279650208202,
CW,map_v1/CW/inner,624,2.5153416428412623,2.9624879699467925,-1.8679740102425797,
CW,map_v1/CW/inner,625,2.5112934685732755,2.9481923214847936,-1.82552005546434,
CW,map_v1/CW/inner,626,2.50785566636831,2.933737744498504,-1.7830661006860995,
CW,map_v1/CW/inner,627,2.505034431378302,2.919150287112647,-1.740612145907859,
CW,map_v1/CW/inner,628,2.5028348476593933,2.9044562369114075,-1.6981581911296184,
CW,map_v1/CW/inner,629,2.5012608790101156,2.889682073566428,-1.6557042363513779,
CW,map_v1/CW/inner,630,2.5003153618283616,2.874854421118652,-1.6132502815731373,
CW,map_v1/CW/inner,631,2.5,2.86,-1.5707963267948968,
CW,map_v1/CW/inner,632,2.5,2.8449999999999998,-1.5707963267948966,
CW,map_v1/CW/inner,633,2.5,2.83,-1.5707963267948966,
CW,map_v1/CW/inner,634,2.5,2.815,-1.5707963267948966,
CW,map_v1/CW/inner,635,2.5,2.8,-1.5707963267948966,
CW,map_v1/CW/inner,636,2.5,2.7849999999999997,-1.5707963267948966,
CW,map_v1/CW/inner,637,2.5,2.77,-1.5707963267948966,
CW,map_v1/CW/inner,638,2.5,2.755,-1.5707963267948966,
CW,map_v1/CW/inner,639,2.5,2.7399999999999998,-1.5707963267948966,
CW,map_v1/CW/inner,640,2.5,2.725,-1.5707963267948966,
CW,map_v1/CW/inner,641,2.5,2.71,-1.5707963267948966,
CW,map_v1/CW/inner,642,2.5,2.695,-1.5707963267948966,
CW,map_v1/CW/inner,643,2.5,2.6799999999999997,-1.5707963267948966,
CW,map_v1/CW/inner,644,2.5,2.665,-1.5707963267948966,
CW,map_v1/CW/inner,645,2.5,2.65,-1.5707963267948966,
CW,map_v1/CW/inner,646,2.5,2.635,-1.5707963267948966,
CW,map_v1/CW/inner,647,2.5,2.62,-1.5707963267948966,
CW,map_v1/CW/inner,648,2.5,2.605,-1.5707963267948966,
CW,map_v1/CW/inner,649,2.5,2.59,-1.5707963267948966,
CW,map_v1/CW/inner,650,2.5,2.575,-1.5707963267948966,
CW,map_v1/CW/inner,651,2.5,2.56,-1.5707963267948966,
CW,map_v1/CW/inner,652,2.5,2.545,-1.5707963267948966,
CW,map_v1/CW/inner,653,2.5,2.5300000000000002,-1.5707963267948966,
CW,map_v1/CW/inner,654,2.5,2.515,-1.5707963267948966,
CW,map_v1/CW/inner,655,2.5,2.5,-1.5707963267948966,GATE_OUT
CW,map_v1/CW/center,0,2.5,2.3,1.5707963267948966,GATE_BEGIN
CW,map_v1/CW/center,1,2.5,2.314285714285714,1.5707963267948966,
CW,map_v1/CW/center,2,2.5,2.3285714285714283,1.5707963267948966,
CW,map_v1/CW/center,3,2.5,2.3428571428571425,1.5707963267948966,
CW,map_v1/CW/center,4,2.5,2.357142857142857,1.5707963267948966,
CW,map_v1/CW/center,5,2.5,2.3714285714285714,1.5707963267948966,
CW,map_v1/CW/center,6,2.5,2.3857142857142857,1.5707963267948966,
CW,map_v1/CW/center,7,2.5,2.4,1.5707963267948966,
CW,map_v1/CW/center,8,2.5,2.414285714285714,1.5707963267948966,
CW,map_v1/CW/center,9,2.5,2.4285714285714284,1.5707963267948966,
CW,map_v1/CW/center,10,2.5,2.4428571428571426,1.5707963267948966,
CW,map_v1/CW/center,11,2.5,2.4571428571428573,1.5707963267948966,
CW,map_v1/CW/center,12,2.5,2.4714285714285715,1.5707963267948966,
CW,map_v1/CW/center,13,2.5,2.4857142857142858,1.5707963267948966,
CW,map_v1/CW/center,14,2.5,2.5,1.5707963267948966,GATE
CW,map_v1/CW/center,15,2.5,2.5143478260869565,1.5707963267948966,
CW,map_v1/CW/center,16,2.5,2.528695652173913,1.5707963267948966,
CW,map_v1/CW/center,17,2.5,2.5430434782608695,1.5707963267948966,
CW,map_v1/CW/center,18,2.5,2.557391304347826,1.5707963267948966,
CW,map_v1/CW/center,19,2.5,2.5717391304347825,1.5707963267948966,
CW,map_v1/CW/center,20,2.5,2.586086956521739,1.5707963267948966,
CW,map_v1/CW/center,21,2.5,2.6004347826086955,1.5707963267948966,
CW,map_v1/CW/center,22,2.5,2.614782608695652,1.5707963267948966,
CW,map_v1/CW/center,23,2.5,2.6291304347826085,1.5707963267948966,
CW,map_v1/CW/center,24,2.5,2.643478260869565,1.5707963267948966,
CW,map_v1/CW/center,25,2.5,2.657826086956522,1.5707963267948966,
CW,map_v1/CW/center,26,2.5,2.672173913043478,1.5707963267948966,
CW,map_v1/CW/center,27,2.5,2.686521739130435,1.5707963267948966,
CW,map_v1/CW/center,28,2.5,2.7008695652173915,1.5707963267948966,
CW,map_v1/CW/center,29,2.5,2.715217391304348,1.5707963267948966,
CW,map_v1/CW/center,30,2.5,2.7295652173913045,1.5707963267948966,
CW,map_v1/CW/center,31,2.5,2.743913043478261,1.5707963267948966,
CW,map_v1/CW/center,32,2.5,2.7582608695652175,1.5707963267948966,
CW,map_v1/CW/center,33,2.5,2.772608695652174,1.5707963267948966,
CW,map_v1/CW/center,34,2.5,2.7869565217391306,1.5707963267948966,
CW,map_v1/CW/center,35,2.5,2.801304347826087,1.5707963267948966,
CW,map_v1/CW/center,36,2.5,2.8156521739130436,1.5707963267948966,
CW,map_v1/CW/center,37,2.5,2.83,1.5707963267948966,TURN_ENTRY
CW,map_v1/CW/center,38,2.4996846381716384,2.844854421118652,1.613250281573137,
CW,map_v1/CW/center,39,2.4987391209898844,2.8596820735664283,1.6557042363513774,
CW,map_v1/CW/center,40,2.4971651523406067,2.8744562369114077,1.698158191129618,
CW,map_v1/CW/center,41,2.494965568621698,2.8891502871126473,1.7406121459078583,
CW,map_v1/CW/center,42,2.49214433363169,2.903737744498504,1.7830661006860988,
CW,map_v1/CW/center,43,2.4887065314267245,2.918192321484794,1.8255200554643394,
CW,map_v1/CW/center,44,2.4846583571587377,2.9324879699467927,1.8679740102425797,
CW,map_v1/CW/center,45,2.4800071059113793,2.94659892815972,1.91042796502082,
CW,map_v1/CW/center,46,2.474761159553778,2.960499767223108,1.9528819197990606,
CW,map_v1/CW/center,47,2.4689299716358475,2.9741654368853974,1.995335874577301,
CW,map_v1/CW/center,48,2.4625240503523487,2.9875713106861856,2.0377898293555416,
CW,map_v1/CW/center,49,2.4555549396064156,3.000693230334772,2.080243784133782,
CW,map_v1/CW/center,50,2.448035198206659,3.013507549245031,2.1226977389120223,
CW,map_v1/CW/center,51,2.4399783772353447,3.0259911751481585,2.165151693690263,
CW,map_v1/CW/center,52,2.431398995628429,3.0381216117065004,2.2076056484685034,
CW,map_v1/CW/center,53,2.4223125140114536,3.049876999053475,2.2500596032467435,
CW,map_v1/CW/center,54,2.4127353068384534,3.0612361531865284,2.292513558024984,
CW,map_v1/CW/center,55,2.4026846328840836,3.0721786041421413,2.3349675128032246,
CW,map_v1/CW/center,56,2.392178604142141,3.082684632884084,2.377421467581465,
CW,map_v1/CW/center,57,2.3812361531865283,3.0927353068384535,2.4198754223597057,
CW,map_v1/CW/center,58,2.3698769990534747,3.102312514011454,2.462329377137946,
CW,map_v1/CW/center,59,2.3581216117065003,3.1113989956284294,2.5047833319161863,
CW,map_v1/CW/center,60,2.3459911751481584,3.119978377235345,2.547237286694427,
CW,map_v1/CW/center,61,2.333507549245031,3.1280351982066588,2.5896912414726674,
CW,map_v1/CW/center,62,2.320693230334772,3.1355549396064157,2.6321451962509075,
CW,map_v1/CW/center,63,2.3075713106861855,3.142524050352349,2.674599151029148,
CW,map_v1/CW/center,64,2.294165436885397,3.1489299716358476,2.7170531058073886,
CW,map_v1/CW/center,65,2.280499767223108,3.1547611595537783,2.759507060585629,
CW,map_v1/CW/center,66,2.26659892815972,3.1600071059113795,2.8019610153638697,
CW,map_v1/CW/center,67,2.2524879699467926,3.164658357158738,2.84441497014211,
CW,map_v1/CW/center,68,2.2381923214847936,3.1687065314267246,2.8868689249203503,
CW,map_v1/CW/center,69,2.223737744498504,3.17214433363169,2.929322879698591,
CW,map_v1/CW/center,70,2.209150287112647,3.174965568621698,2.9717768344768314,
CW,map_v1/CW/center,71,2.1944562369114076,3.177165152340607,3.014230789255072,
CW,map_v1/CW/center,72,2.179682073566428,3.178739120989884,3.056684744033312,
CW,map_v1/CW/center,73,2.164854421118652,3.1796846381716386,3.0991386988115526,
CW,map_v1/CW/center,74,2.15,3.18,3.141592653589793,SPLIT|C_RING_ENTRY
CW,map_v1/CW/center,75,2.135,3.18,3.141592653589793,
CW,map_v1/CW/center,76,2.12,3.18,3.141592653589793,
CW,map_v1/CW/center,77,2.105,3.18,3.141592653589793,
CW,map_v1/CW/center,78,2.09,3.18,3.141592653589793,
CW,map_v1/CW/center,79,2.0749999999999997,3.18,3.141592653589793,
CW,map_v1/CW/center,80,2.06,3.18,3.141592653589793,
CW,map_v1/CW/center,81,2.045,3.18,3.141592653589793,
CW,map_v1/CW/center,82,2.03,3.18,3.141592653589793,
CW,map_v1/CW/center,83,2.015,3.18,3.141592653589793,
CW,map_v1/CW/center,84,2.0,3.18,3.141592653589793,
CW,map_v1/CW/center,85,1.9849999999999999,3.18,3.141592653589793,
CW,map_v1/CW/center,86,1.97,3.18,3.141592653589793,
CW,map_v1/CW/center,87,1.9549999999999998,3.18,3.141592653589793,
CW,map_v1/CW/center,88,1.94,3.18,3.141592653589793,
CW,map_v1/CW/center,89,1.9249999999999998,3.18,3.141592653589793,
CW,map_v1/CW/center,90,1.91,3.18,3.141592653589793,
CW,map_v1/CW/center,91,1.895,3.18,3.141592653589793,
CW,map_v1/CW/center,92,1.88,3.18,3.141592653589793,
CW,map_v1/CW/center,93,1.865,3.18,3.141592653589793,
CW,map_v1/CW/center,94,1.85,3.18,3.141592653589793,
CW,map_v1/CW/center,95,1.835,3.18,3.141592653589793,
CW,map_v1/CW/center,96,1.8199999999999998,3.18,3.141592653589793,
CW,map_v1/CW/center,97,1.805,3.18,3.141592653589793,
CW,map_v1/CW/center,98,1.79,3.18,3.141592653589793,
CW,map_v1/CW/center,99,1.775,3.18,3.141592653589793,
CW,map_v1/CW/center,100,1.76,3.18,3.141592653589793,
CW,map_v1/CW/center,101,1.7449999999999999,3.18,3.141592653589793,
CW,map_v1/CW/center,102,1.73,3.18,3.141592653589793,
CW,map_v1/CW/center,103,1.7149999999999999,3.18,3.141592653589793,
CW,map_v1/CW/center,104,1.7,3.18,3.141592653589793,
CW,map_v1/CW/center,105,1.685,3.18,3.141592653589793,
CW,map_v1/CW/center,106,1.67,3.18,3.141592653589793,
CW,map_v1/CW/center,107,1.655,3.18,3.141592653589793,
CW,map_v1/CW/center,108,1.64,3.18,3.141592653589793,
CW,map_v1/CW/center,109,1.625,3.18,3.141592653589793,
CW,map_v1/CW/center,110,1.6099999999999999,3.18,3.141592653589793,
CW,map_v1/CW/center,111,1.595,3.18,3.141592653589793,
CW,map_v1/CW/center,112,1.58,3.18,3.141592653589793,
CW,map_v1/CW/center,113,1.565,3.18,3.141592653589793,
CW,map_v1/CW/center,114,1.55,3.18,3.141592653589793,
CW,map_v1/CW/center,115,1.5350000000000001,3.18,3.141592653589793,
CW,map_v1/CW/center,116,1.52,3.18,3.141592653589793,
CW,map_v1/CW/center,117,1.505,3.18,3.141592653589793,
CW,map_v1/CW/center,118,1.49,3.18,3.141592653589793,
CW,map_v1/CW/center,119,1.475,3.18,3.141592653589793,
CW,map_v1/CW/center,120,1.46,3.18,3.141592653589793,
CW,map_v1/CW/center,121,1.4449999999999998,3.18,3.141592653589793,
CW,map_v1/CW/center,122,1.4300000000000002,3.18,3.141592653589793,
CW,map_v1/CW/center,123,1.415,3.18,3.141592653589793,
CW,map_v1/CW/center,124,1.4,3.18,3.141592653589793,
CW,map_v1/CW/center,125,1.385,3.18,3.141592653589793,
CW,map_v1/CW/center,126,1.37,3.18,3.141592653589793,
CW,map_v1/CW/center,127,1.355,3.18,3.141592653589793,
CW,map_v1/CW/center,128,1.3399999999999999,3.18,3.141592653589793,
CW,map_v1/CW/center,129,1.325,3.18,3.141592653589793,
CW,map_v1/CW/center,130,1.31,3.18,3.141592653589793,
CW,map_v1/CW/center,131,1.295,3.18,3.141592653589793,
CW,map_v1/CW/center,132,1.28,3.18,3.141592653589793,
CW,map_v1/CW/center,133,1.2650000000000001,3.18,3.141592653589793,
CW,map_v1/CW/center,134,1.25,3.18,3.141592653589793,
CW,map_v1/CW/center,135,1.235,3.18,3.141592653589793,
CW,map_v1/CW/center,136,1.22,3.18,3.141592653589793,
CW,map_v1/CW/center,137,1.205,3.18,3.141592653589793,
CW,map_v1/CW/center,138,1.19,3.18,3.141592653589793,
CW,map_v1/CW/center,139,1.175,3.18,3.141592653589793,
CW,map_v1/CW/center,140,1.1600000000000001,3.18,3.141592653589793,
CW,map_v1/CW/center,141,1.145,3.18,3.141592653589793,
CW,map_v1/CW/center,142,1.1300435222894698,3.1802797180846407,3.1041927410470582,
CW,map_v1/CW/center,143,1.1151079625654303,3.181118481127528,3.066792828504322,
CW,map_v1/CW/center,144,1.1002142095586769,3.182515116042703,3.0293929159615867,
CW,map_v1/CW/center,145,1.0853830935295303,3.1844676695099485,2.9919930034188513,
CW,map_v1/CW/center,146,1.0706353571348342,3.1869734107066847,2.954593090876115,
CW,map_v1/CW/center,147,1.0559916264174742,3.1900288351272708,2.9171931783333798,
CW,map_v1/CW/center,148,1.0414723819589917,3.193629669484373,2.8797932657906444,
CW,map_v1/CW/center,149,1.0270979302356382,3.197770877685544,2.842393353247908,
CW,map_v1/CW/center,150,1.0128883752179332,3.2024466678766528,2.804993440705173,
CW,map_v1/CW/center,151,0.9988635902534421,3.2076505005423184,2.7675935281624375,
CW,map_v1/CW/center,152,0.9850431902721037,3.2133750976520097,2.7301936156197018,
CW,map_v1/CW/center,153,0.9714465043529767,3.2196124528390326,2.6927937030769655,
CW,map_v1/CW/center,154,0.9580925486907752,3.226353842598156,2.65539379053423,
CW,map_v1/CW/center,155,0.9450000000000001,3.2335898384862247,2.617993877991495,
CW,map_v1/CW/center,156,0.9321871693938655,3.2413103203086866,2.580593965448759,
CW,map_v1/CW/center,157,0.9196719767745511,3.249504490273602,2.5431940529060233,
CW,map_v1/CW/center,158,0.9074719257705993,3.258160888093333,2.5057941403632875,
CW,map_v1/CW/center,159,0.8956040792565066,3.2672674070127883,2.468394227820552,
CW,map_v1/CW/center,160,0.8840850354887517,3.276811310741819,2.4309943152778164,
CW,map_v1/CW/center,161,0.8729309048916323,3.2867792512680696,2.393594402735081,
CW,map_v1/CW/center,162,0.862157287525381,3.297157287525381,2.3561944901923453,
CW,map_v1/CW/center,163,0.8517792512680695,3.307930904891632,2.31879457764961,
CW,map_v1/CW/center,164,0.8418113107418188,3.319085035488752,2.2813946651068737,
CW,map_v1/CW/center,165,0.832267407012788,3.330604079256507,2.2439947525641384,
CW,map_v1/CW/center,166,0.8231608880933327,3.3424719257705995,2.206594840021403,
CW,map_v1/CW/center,167,0.814504490273602,3.354671976774551,2.169194927478667,
CW,map_v1/CW/center,168,0.8063103203086863,3.3671871693938655,2.131795014935931,
CW,map_v1/CW/center,169,0.7985898384862247,3.38,2.094395102393196,
CW,map_v1/CW/center,170,0.7913538425981561,3.3930925486907753,2.05699518985046,
CW,map_v1/CW/center,171,0.7846124528390324,3.4064465043529766,2.0195952773077246,
CW,map_v1/CW/center,172,0.7783750976520096,3.4200431902721036,1.982195364764989,
CW,map_v1/CW/center,173,0.7726505005423183,3.4338635902534422,1.9447954522222528,
CW,map_v1/CW/center,174,0.7674466678766529,3.447888375217933,1.9073955396795175,
CW,map_v1/CW/center,175,0.7627708776855437,3.4620979302356383,1.8699956271367812,
CW,map_v1/CW/center,176,0.7586296694843727,3.4764723819589918,1.832595714594046,
CW,map_v1/CW/center,177,0.7550288351272705,3.490991626417474,1.7951958020513106,
CW,map_v1/CW/center,178,0.7519734107066847,3.5056353571348344,1.7577958895085752,
CW,map_v1/CW/center,179,0.7494676695099486,3.52038309352953,1.72039597696584,
CW,map_v1/CW/center,180,0.7475151160427029,3.535214209558677,1.6829960644231037,
CW,map_v1/CW/center,181,0.7461184811275279,3.55010796256543,1.6455961518803683,
CW,map_v1/CW/center,182,0.7452797180846407,3.5650435222894696,1.6081962393376321,
CW,map_v1/CW/center,183,0.745,3.58,1.5707963267948968,SW
CW,map_v1/CW/center,184,0.745,3.595,1.5707963267948966,
CW,map_v1/CW/center,185,0.745,3.61,1.5707963267948966,
CW,map_v1/CW/center,186,0.745,3.625,1.5707963267948966,
CW,map_v1/CW/center,187,0.745,3.64,1.5707963267948966,
CW,map_v1/CW/center,188,0.745,3.6550000000000002,1.5707963267948966,
CW,map_v1/CW/center,189,0.745,3.67,1.5707963267948966,
CW,map_v1/CW/center,190,0.745,3.685,1.5707963267948966,
CW,map_v1/CW/center,191,0.745,3.7,1.5707963267948966,
CW,map_v1/CW/center,192,0.745,3.715,1.5707963267948966,
CW,map_v1/CW/center,193,0.745,3.73,1.5707963267948966,
CW,map_v1/CW/center,194,0.745,3.745,1.5707963267948966,
CW,map_v1/CW/center,195,0.745,3.76,1.5707963267948966,
CW,map_v1/CW/center,196,0.745,3.775,1.5707963267948966,
CW,map_v1/CW/center,197,0.745,3.79,1.5707963267948966,
CW,map_v1/CW/center,198,0.745,3.805,1.5707963267948966,
CW,map_v1/CW/center,199,0.745,3.82,1.5707963267948966,
CW,map_v1/CW/center,200,0.745,3.835,1.5707963267948966,
CW,map_v1/CW/center,201,0.745,3.85,1.5707963267948966,
CW,map_v1/CW/center,202,0.745,3.8649999999999998,1.5707963267948966,
CW,map_v1/CW/center,203,0.745,3.88,1.5707963267948966,
CW,map_v1/CW/center,204,0.745,3.895,1.5707963267948966,
CW,map_v1/CW/center,205,0.745,3.91,1.5707963267948966,
CW,map_v1/CW/center,206,0.745,3.925,1.5707963267948966,
CW,map_v1/CW/center,207,0.745,3.94,1.5707963267948966,
CW,map_v1/CW/center,208,0.7452797180846407,3.9549564777105304,1.5333964142521608,
CW,map_v1/CW/center,209,0.7461184811275279,3.9698920374345694,1.4959965017094254,
CW,map_v1/CW/center,210,0.7475151160427029,3.984785790441323,1.4585965891666897,
CW,map_v1/CW/center,211,0.7494676695099486,3.99961690647047,1.4211966766239539,
CW,map_v1/CW/center,212,0.7519734107066847,4.014364642865166,1.3837967640812185,
CW,map_v1/CW/center,213,0.7550288351272705,4.029008373582526,1.3463968515384828,
CW,map_v1/CW/center,214,0.7586296694843727,4.043527618041009,1.308996938995747,
CW,map_v1/CW/center,215,0.7627708776855437,4.057902069764362,1.2715970264530116,
CW,map_v1/CW/center,216,0.7674466678766529,4.072111624782067,1.2341971139102759,
CW,map_v1/CW/center,217,0.7726505005423183,4.086136409746558,1.19679720136754,
CW,map_v1/CW/center,218,0.7783750976520095,4.099956809727896,1.1593972888248048,
CW,map_v1/CW/center,219,0.7846124528390324,4.113553495647023,1.121997376282069,
CW,map_v1/CW/center,220,0.7913538425981561,4.126907451309225,1.0845974637393332,
CW,map_v1/CW/center,221,0.7985898384862244,4.14,1.0471975511965979,
CW,map_v1/CW/center,222,0.8063103203086863,4.152812830606135,1.009797638653862,
CW,map_v1/CW/center,223,0.814504490273602,4.165328023225449,0.9723977261111263,
CW,map_v1/CW/center,224,0.8231608880933328,4.177528074229401,0.9349978135683905,
CW,map_v1/CW/center,225,0.832267407012788,4.189395920743493,0.8975979010256552,
CW,map_v1/CW/center,226,0.8418113107418188,4.200914964511249,0.8601979884829198,
CW,map_v1/CW/center,227,0.8517792512680695,4.212069095108368,0.8227980759401841,
CW,map_v1/CW/center,228,0.862157287525381,4.222842712474619,0.7853981633974483,
CW,map_v1/CW/center,229,0.8729309048916322,4.233220748731931,0.7479982508547129,
CW,map_v1/CW/center,230,0.8840850354887515,4.243188689258181,0.7105983383119772,
CW,map_v1/CW/center,231,0.8956040792565066,4.252732592987212,0.6731984257692414,
CW,map_v1/CW/center,232,0.9074719257705994,4.261839111906667,0.6357985132265056,
CW,map_v1/CW/center,233,0.9196719767745514,4.270495509726398,0.5983986006837698,
CW,map_v1/CW/center,234,0.9321871693938655,4.278689679691314,0.5609986881410345,
CW,map_v1/CW/center,235,0.945,4.286410161513776,0.5235987755982991,
CW,map_v1/CW/center,236,0.9580925486907753,4.293646157401844,0.48619886305556287,
CW,map_v1/CW/center,237,0.9714465043529767,4.300387547160968,0.4487989505128276,
CW,map_v1/CW/center,238,0.9850431902721036,4.30662490234799,0.41139903797009203,
CW,map_v1/CW/center,239,0.9988635902534421,4.312349499457682,0.37399912542735625,
CW,map_v1/CW/center,240,1.0128883752179332,4.317553332123347,0.3365992128846207,
CW,map_v1/CW/center,241,1.0270979302356384,4.322229122314456,0.2991993003418849,
CW,map_v1/CW/center,242,1.0414723819589917,4.326370330515627,0.2617993877991496,
CW,map_v1/CW/center,243,1.0559916264174742,4.329971164872729,0.2243994752564138,
CW,map_v1/CW/center,244,1.0706353571348344,4.333026589293315,0.186999562713678,
CW,map_v1/CW/center,245,1.08538309352953,4.335532330490051,0.14959965017094268,
CW,map_v1/CW/center,246,1.1002142095586769,4.337484883957297,0.1121997376282069,
CW,map_v1/CW/center,247,1.1151079625654303,4.338881518872472,0.07479982508547134,
CW,map_v1/CW/center,248,1.1300435222894698,4.339720281915359,0.03739991254273579,
CW,map_v1/CW/center,249,1.145,4.34,0.0,NW
CW,map_v1/CW/center,250,1.1599723756906077,4.34,0.0,
CW,map_v1/CW/center,251,1.1749447513812155,4.34,0.0,
CW,map_v1/CW/center,252,1.1899171270718232,4.34,0.0,
CW,map_v1/CW/center,253,1.204889502762431,4.34,0.0,
CW,map_v1/CW/center,254,1.2198618784530386,4.34,0.0,
CW,map_v1/CW/center,255,1.2348342541436463,4.34,0.0,
CW,map_v1/CW/center,256,1.249806629834254,4.34,0.0,
CW,map_v1/CW/center,257,1.2647790055248618,4.34,0.0,
CW,map_v1/CW/center,258,1.2797513812154697,4.34,0.0,
CW,map_v1/CW/center,259,1.2947237569060774,4.34,0.0,
CW,map_v1/CW/center,260,1.3096961325966852,4.34,0.0,
CW,map_v1/CW/center,261,1.3246685082872929,4.34,0.0,
CW,map_v1/CW/center,262,1.3396408839779006,4.34,0.0,
CW,map_v1/CW/center,263,1.3546132596685083,4.34,0.0,
CW,map_v1/CW/center,264,1.369585635359116,4.34,0.0,
CW,map_v1/CW/center,265,1.3845580110497238,4.34,0.0,
CW,map_v1/CW/center,266,1.3995303867403315,4.34,0.0,
CW,map_v1/CW/center,267,1.4145027624309392,4.34,0.0,
CW,map_v1/CW/center,268,1.429475138121547,4.34,0.0,
CW,map_v1/CW/center,269,1.4444475138121546,4.34,0.0,
CW,map_v1/CW/center,270,1.4594198895027624,4.34,0.0,
CW,map_v1/CW/center,271,1.4743922651933703,4.34,0.0,
CW,map_v1/CW/center,272,1.489364640883978,4.34,0.0,
CW,map_v1/CW/center,273,1.5043370165745857,4.34,0.0,
CW,map_v1/CW/center,274,1.5193093922651935,4.34,0.0,
CW,map_v1/CW/center,275,1.5342817679558012,4.34,0.0,
CW,map_v1/CW/center,276,1.549254143646409,4.34,0.0,
CW,map_v1/CW/center,277,1.5642265193370166,4.34,0.0,
CW,map_v1/CW/center,278,1.5791988950276243,4.34,0.0,
CW,map_v1/CW/center,279,1.594171270718232,4.34,0.0,
CW,map_v1/CW/center,280,1.6091436464088398,4.34,0.0,
CW,map_v1/CW/center,281,1.6241160220994475,4.34,0.0,
CW,map_v1/CW/center,282,1.6390883977900552,4.34,0.0,
CW,map_v1/CW/center,283,1.654060773480663,4.34,0.0,
CW,map_v1/CW/center,284,1.6690331491712707,4.34,0.0,
CW,map_v1/CW/center,285,1.6840055248618784,4.34,0.0,
CW,map_v1/CW/center,286,1.698977900552486,4.34,0.0,
CW,map_v1/CW/center,287,1.7139502762430938,4.34,0.0,
CW,map_v1/CW/center,288,1.7289226519337015,4.34,0.0,
CW,map_v1/CW/center,289,1.7438950276243093,4.34,0.0,
CW,map_v1/CW/center,290,1.7588674033149172,4.34,0.0,
CW,map_v1/CW/center,291,1.7738397790055247,4.34,0.0,
CW,map_v1/CW/center,292,1.7888121546961326,4.34,0.0,
CW,map_v1/CW/center,293,1.8037845303867404,4.34,0.0,
CW,map_v1/CW/center,294,1.818756906077348,4.34,0.0,
CW,map_v1/CW/center,295,1.833729281767956,4.34,0.0,
CW,map_v1/CW/center,296,1.8487016574585635,4.34,0.0,
CW,map_v1/CW/center,297,1.8636740331491712,4.34,0.0,
CW,map_v1/CW/center,298,1.878646408839779,4.34,0.0,
CW,map_v1/CW/center,299,1.893618784530387,4.34,0.0,
CW,map_v1/CW/center,300,1.9085911602209946,4.34,0.0,
CW,map_v1/CW/center,301,1.9235635359116023,4.34,0.0,
CW,map_v1/CW/center,302,1.9385359116022098,4.34,0.0,
CW,map_v1/CW/center,303,1.9535082872928178,4.34,0.0,
CW,map_v1/CW/center,304,1.9684806629834255,4.34,0.0,
CW,map_v1/CW/center,305,1.9834530386740332,4.34,0.0,
CW,map_v1/CW/center,306,1.998425414364641,4.34,0.0,
CW,map_v1/CW/center,307,2.0133977900552487,4.34,0.0,
CW,map_v1/CW/center,308,2.0283701657458564,4.34,0.0,
CW,map_v1/CW/center,309,2.043342541436464,4.34,0.0,
CW,map_v1/CW/center,310,2.058314917127072,4.34,0.0,
CW,map_v1/CW/center,311,2.0732872928176795,4.34,0.0,
CW,map_v1/CW/center,312,2.0882596685082873,4.34,0.0,
CW,map_v1/CW/center,313,2.103232044198895,4.34,0.0,
CW,map_v1/CW/center,314,2.1182044198895027,4.34,0.0,
CW,map_v1/CW/center,315,2.1331767955801104,4.34,0.0,
CW,map_v1/CW/center,316,2.148149171270718,4.34,0.0,
CW,map_v1/CW/center,317,2.163121546961326,4.34,0.0,
CW,map_v1/CW/center,318,2.178093922651934,4.34,0.0,
CW,map_v1/CW/center,319,2.1930662983425417,4.34,0.0,
CW,map_v1/CW/center,320,2.2080386740331495,4.34,0.0,
CW,map_v1/CW/center,321,2.223011049723757,4.34,0.0,
CW,map_v1/CW/center,322,2.237983425414365,4.34,0.0,
CW,map_v1/CW/center,323,2.2529558011049726,4.34,0.0,
CW,map_v1/CW/center,324,2.2679281767955803,4.34,0.0,
CW,map_v1/CW/center,325,2.282900552486188,4.34,0.0,
CW,map_v1/CW/center,326,2.297872928176796,4.34,0.0,
CW,map_v1/CW/center,327,2.3128453038674035,4.34,0.0,
CW,map_v1/CW/center,328,2.327817679558011,4.34,0.0,
CW,map_v1/CW/center,329,2.342790055248619,4.34,0.0,
CW,map_v1/CW/center,330,2.3577624309392267,4.34,0.0,
CW,map_v1/CW/center,331,2.3727348066298344,4.34,0.0,
CW,map_v1/CW/center,332,2.387707182320442,4.34,0.0,
CW,map_v1/CW/center,333,2.40267955801105,4.34,0.0,
CW,map_v1/CW/center,334,2.4176519337016575,4.34,0.0,
CW,map_v1/CW/center,335,2.4326243093922653,4.34,0.0,
CW,map_v1/CW/center,336,2.447596685082873,4.34,0.0,
CW,map_v1/CW/center,337,2.4625690607734807,4.34,0.0,
CW,map_v1/CW/center,338,2.4775414364640884,4.34,0.0,
CW,map_v1/CW/center,339,2.492513812154696,4.34,0.0,
CW,map_v1/CW/center,340,2.507486187845304,4.34,0.0,
CW,map_v1/CW/center,341,2.5224585635359116,4.34,0.0,
CW,map_v1/CW/center,342,2.5374309392265193,4.34,0.0,
CW,map_v1/CW/center,343,2.552403314917127,4.34,0.0,
CW,map_v1/CW/center,344,2.5673756906077347,4.34,0.0,
CW,map_v1/CW/center,345,2.5823480662983425,4.34,0.0,
CW,map_v1/CW/center,346,2.59732044198895,4.34,0.0,
CW,map_v1/CW/center,347,2.612292817679558,4.34,0.0,
CW,map_v1/CW/center,348,2.6272651933701656,4.34,0.0,
CW,map_v1/CW/center,349,2.6422375690607733,4.34,0.0,
CW,map_v1/CW/center,350,2.657209944751381,4.34,0.0,
CW,map_v1/CW/center,351,2.672182320441989,4.34,0.0,
CW,map_v1/CW/center,352,2.6871546961325965,4.34,0.0,
CW,map_v1/CW/center,353,2.702127071823204,4.34,0.0,
CW,map_v1/CW/center,354,2.717099447513812,4.34,0.0,
CW,map_v1/CW/center,355,2.7320718232044197,4.34,0.0,
CW,map_v1/CW/center,356,2.747044198895028,4.34,0.0,
CW,map_v1/CW/center,357,2.7620165745856355,4.34,0.0,
CW,map_v1/CW/center,358,2.776988950276243,4.34,0.0,
CW,map_v1/CW/center,359,2.7919613259668505,4.34,0.0,
CW,map_v1/CW/center,360,2.8069337016574583,4.34,0.0,
CW,map_v1/CW/center,361,2.821906077348066,4.34,0.0,
CW,map_v1/CW/center,362,2.8368784530386737,4.34,0.0,
CW,map_v1/CW/center,363,2.8518508287292814,4.34,0.0,
CW,map_v1/CW/center,364,2.8668232044198896,4.34,0.0,
CW,map_v1/CW/center,365,2.8817955801104973,4.34,0.0,
CW,map_v1/CW/center,366,2.896767955801105,4.34,0.0,
CW,map_v1/CW/center,367,2.9117403314917127,4.34,0.0,
CW,map_v1/CW/center,368,2.9267127071823205,4.34,0.0,
CW,map_v1/CW/center,369,2.941685082872928,4.34,0.0,
CW,map_v1/CW/center,370,2.956657458563536,4.34,0.0,
CW,map_v1/CW/center,371,2.971629834254144,4.34,0.0,
CW,map_v1/CW/center,372,2.986602209944752,4.34,0.0,
CW,map_v1/CW/center,373,3.0015745856353595,4.34,0.0,
CW,map_v1/CW/center,374,3.016546961325967,4.34,0.0,
CW,map_v1/CW/center,375,3.0315193370165745,4.34,0.0,
CW,map_v1/CW/center,376,3.046491712707182,4.34,0.0,
CW,map_v1/CW/center,377,3.06146408839779,4.34,0.0,
CW,map_v1/CW/center,378,3.0764364640883977,4.34,0.0,
CW,map_v1/CW/center,379,3.091408839779006,4.34,0.0,
CW,map_v1/CW/center,380,3.1063812154696135,4.34,0.0,
CW,map_v1/CW/center,381,3.1213535911602213,4.34,0.0,
CW,map_v1/CW/center,382,3.136325966850829,4.34,0.0,
CW,map_v1/CW/center,383,3.1512983425414363,4.34,0.0,
CW,map_v1/CW/center,384,3.166270718232044,4.34,0.0,
CW,map_v1/CW/center,385,3.1812430939226517,4.34,0.0,
CW,map_v1/CW/center,386,3.1962154696132594,4.34,0.0,
CW,map_v1/CW/center,387,3.2111878453038676,4.34,0.0,
CW,map_v1/CW/center,388,3.2261602209944753,4.34,0.0,
CW,map_v1/CW/center,389,3.241132596685083,4.34,0.0,
CW,map_v1/CW/center,390,3.2561049723756907,4.34,0.0,
CW,map_v1/CW/center,391,3.2710773480662985,4.34,0.0,
CW,map_v1/CW/center,392,3.286049723756906,4.34,0.0,
CW,map_v1/CW/center,393,3.301022099447514,4.34,0.0,
CW,map_v1/CW/center,394,3.3159944751381216,4.34,0.0,
CW,map_v1/CW/center,395,3.3309668508287293,4.34,0.0,
CW,map_v1/CW/center,396,3.345939226519337,4.34,0.0,
CW,map_v1/CW/center,397,3.360911602209945,4.34,0.0,
CW,map_v1/CW/center,398,3.3758839779005525,4.34,0.0,
CW,map_v1/CW/center,399,3.39085635359116,4.34,0.0,
CW,map_v1/CW/center,400,3.405828729281768,4.34,0.0,
CW,map_v1/CW/center,401,3.4208011049723757,4.34,0.0,
CW,map_v1/CW/center,402,3.4357734806629834,4.34,0.0,
CW,map_v1/CW/center,403,3.450745856353591,4.34,0.0,
CW,map_v1/CW/center,404,3.465718232044199,4.34,0.0,
CW,map_v1/CW/center,405,3.4806906077348065,4.34,0.0,
CW,map_v1/CW/center,406,3.4956629834254143,4.34,0.0,
CW,map_v1/CW/center,407,3.510635359116022,4.34,0.0,
CW,map_v1/CW/center,408,3.5256077348066297,4.34,0.0,
CW,map_v1/CW/center,409,3.5405801104972374,4.34,0.0,
CW,map_v1/CW/center,410,3.555552486187845,4.34,0.0,
CW,map_v1/CW/center,411,3.5705248618784533,4.34,0.0,
CW,map_v1/CW/center,412,3.585497237569061,4.34,0.0,
CW,map_v1/CW/center,413,3.6004696132596687,4.34,0.0,
CW,map_v1/CW/center,414,3.615441988950276,4.34,0.0,
CW,map_v1/CW/center,415,3.6304143646408837,4.34,0.0,
CW,map_v1/CW/center,416,3.6453867403314915,4.34,0.0,
CW,map_v1/CW/center,417,3.660359116022099,4.34,0.0,
CW,map_v1/CW/center,418,3.675331491712707,4.34,0.0,
CW,map_v1/CW/center,419,3.690303867403315,4.34,0.0,
CW,map_v1/CW/center,420,3.705276243093923,4.34,0.0,
CW,map_v1/CW/center,421,3.7202486187845305,4.34,0.0,
CW,map_v1/CW/center,422,3.7352209944751382,4.34,0.0,
CW,map_v1/CW/center,423,3.750193370165746,4.34,0.0,
CW,map_v1/CW/center,424,3.7651657458563537,4.34,0.0,
CW,map_v1/CW/center,425,3.7801381215469614,4.34,0.0,
CW,map_v1/CW/center,426,3.795110497237569,4.34,0.0,
CW,map_v1/CW/center,427,3.810082872928177,4.34,0.0,
CW,map_v1/CW/center,428,3.8250552486187845,4.34,0.0,
CW,map_v1/CW/center,429,3.8400276243093923,4.34,0.0,
CW,map_v1/CW/center,430,3.855,4.34,0.0,
CW,map_v1/CW/center,431,3.8699564777105304,4.339720281915359,-0.03739991254273556,
CW,map_v1/CW/center,432,3.88489203743457,4.338881518872472,-0.07479982508547134,
CW,map_v1/CW/center,433,3.899785790441323,4.337484883957297,-0.1121997376282069,
CW,map_v1/CW/center,434,3.91461690647047,4.335532330490051,-0.14959965017094246,
CW,map_v1/CW/center,435,3.929364642865166,4.333026589293315,-0.18699956271367824,
CW,map_v1/CW/center,436,3.944008373582526,4.329971164872729,-0.2243994752564138,
CW,map_v1/CW/center,437,3.9585276180410083,4.326370330515627,-0.26179938779914935,
CW,map_v1/CW/center,438,3.9729020697643618,4.322229122314456,-0.29919930034188513,
CW,map_v1/CW/center,439,3.987111624782067,4.317553332123347,-0.3365992128846207,
CW,map_v1/CW/center,440,4.001136409746558,4.312349499457682,-0.37399912542735625,
CW,map_v1/CW/center,441,4.014956809727896,4.30662490234799,-0.41139903797009175,
CW,map_v1/CW/center,442,4.0285534956470235,4.300387547160968,-0.4487989505128276,
CW,map_v1/CW/center,443,4.041907451309225,4.293646157401843,-0.4861988630555633,
CW,map_v1/CW/center,444,4.055,4.286410161513776,-0.5235987755982987,
CW,map_v1/CW/center,445,4.067812830606135,4.278689679691314,-0.5609986881410345,
CW,map_v1/CW/center,446,4.080328023225449,4.270495509726398,-0.5983986006837702,
CW,map_v1/CW/center,447,4.092528074229401,4.261839111906667,-0.6357985132265058,
CW,map_v1/CW/center,448,4.104395920743493,4.252732592987212,-0.6731984257692414,
CW,map_v1/CW/center,449,4.115914964511249,4.243188689258181,-0.7105983383119769,
CW,map_v1/CW/center,450,4.127069095108368,4.233220748731931,-0.7479982508547126,
CW,map_v1/CW/center,451,4.137842712474619,4.222842712474619,-0.7853981633974483,
CW,map_v1/CW/center,452,4.148220748731931,4.212069095108368,-0.8227980759401838,
CW,map_v1/CW/center,453,4.158188689258181,4.200914964511249,-0.8601979884829195,
CW,map_v1/CW/center,454,4.167732592987212,4.189395920743493,-0.8975979010256552,
CW,map_v1/CW/center,455,4.176839111906667,4.177528074229401,-0.9349978135683908,
CW,map_v1/CW/center,456,4.1854955097263975,4.165328023225449,-0.9723977261111265,
CW,map_v1/CW/center,457,4.193689679691314,4.152812830606135,-1.009797638653862,
CW,map_v1/CW/center,458,4.201410161513776,4.14,-1.0471975511965976,
CW,map_v1/CW/center,459,4.208646157401844,4.126907451309225,-1.0845974637393334,
CW,map_v1/CW/center,460,4.215387547160968,4.113553495647023,-1.121997376282069,
CW,map_v1/CW/center,461,4.22162490234799,4.099956809727896,-1.1593972888248045,
CW,map_v1/CW/center,462,4.227349499457682,4.086136409746558,-1.1967972013675403,
CW,map_v1/CW/center,463,4.232553332123347,4.072111624782067,-1.2341971139102759,
CW,map_v1/CW/center,464,4.2372291223144565,4.057902069764362,-1.2715970264530116,
CW,map_v1/CW/center,465,4.241370330515627,4.043527618041009,-1.308996938995747,
CW,map_v1/CW/center,466,4.244971164872729,4.029008373582526,-1.3463968515384828,
CW,map_v1/CW/center,467,4.248026589293316,4.014364642865166,-1.3837967640812185,
CW,map_v1/CW/center,468,4.250532330490051,3.99961690647047,-1.4211966766239539,
CW,map_v1/CW/center,469,4.2524848839572975,3.984785790441323,-1.4585965891666897,
CW,map_v1/CW/center,470,4.253881518872472,3.96989203743457,-1.4959965017094252,
CW,map_v1/CW/center,471,4.254720281915359,3.9549564777105304,-1.5333964142521608,
CW,map_v1/CW/center,472,4.255,3.94,-1.5707963267948966,NE
CW,map_v1/CW/center,473,4.255,3.925,-1.5707963267948966,
CW,map_v1/CW/center,474,4.255,3.91,-1.5707963267948966,
CW,map_v1/CW/center,475,4.255,3.895,-1.5707963267948966,
CW,map_v1/CW/center,476,4.255,3.88,-1.5707963267948966,
CW,map_v1/CW/center,477,4.255,3.8649999999999998,-1.5707963267948966,
CW,map_v1/CW/center,478,4.255,3.85,-1.5707963267948966,
CW,map_v1/CW/center,479,4.255,3.835,-1.5707963267948966,
CW,map_v1/CW/center,480,4.255,3.82,-1.5707963267948966,
CW,map_v1/CW/center,481,4.255,3.805,-1.5707963267948966,
CW,map_v1/CW/center,482,4.255,3.79,-1.5707963267948966,
CW,map_v1/CW/center,483,4.255,3.775,-1.5707963267948966,
CW,map_v1/CW/center,484,4.255,3.76,-1.5707963267948966,
CW,map_v1/CW/center,485,4.255,3.745,-1.5707963267948966,
CW,map_v1/CW/center,486,4.255,3.73,-1.5707963267948966,
CW,map_v1/CW/center,487,4.255,3.715,-1.5707963267948966,
CW,map_v1/CW/center,488,4.255,3.7,-1.5707963267948966,
CW,map_v1/CW/center,489,4.255,3.685,-1.5707963267948966,
CW,map_v1/CW/center,490,4.255,3.67,-1.5707963267948966,
CW,map_v1/CW/center,491,4.255,3.6550000000000002,-1.5707963267948966,
CW,map_v1/CW/center,492,4.255,3.64,-1.5707963267948966,
CW,map_v1/CW/center,493,4.255,3.625,-1.5707963267948966,
CW,map_v1/CW/center,494,4.255,3.6100000000000003,-1.5707963267948966,
CW,map_v1/CW/center,495,4.255,3.595,-1.5707963267948966,
CW,map_v1/CW/center,496,4.255,3.58,-1.5707963267948966,
CW,map_v1/CW/center,497,4.254720281915359,3.5650435222894696,-1.6081962393376321,
CW,map_v1/CW/center,498,4.253881518872472,3.55010796256543,-1.645596151880368,
CW,map_v1/CW/center,499,4.2524848839572975,3.535214209558677,-1.6829960644231035,
CW,map_v1/CW/center,500,4.250532330490051,3.52038309352953,-1.720395976965839,
CW,map_v1/CW/center,501,4.248026589293316,3.5056353571348344,-1.7577958895085748,
CW,map_v1/CW/center,502,4.244971164872729,3.4909916264174745,-1.7951958020513104,
CW,map_v1/CW/center,503,4.241370330515627,3.4764723819589918,-1.832595714594046,
CW,map_v1/CW/center,504,4.2372291223144565,3.4620979302356383,-1.8699956271367817,
CW,map_v1/CW/center,505,4.232553332123347,3.447888375217933,-1.9073955396795172,
CW,map_v1/CW/center,506,4.227349499457682,3.4338635902534422,-1.9447954522222528,
CW,map_v1/CW/center,507,4.22162490234799,3.4200431902721036,-1.9821953647649884,
CW,map_v1/CW/center,508,4.215387547160968,3.406446504352977,-2.019595277307724,
CW,map_v1/CW/center,509,4.208646157401844,3.3930925486907753,-2.05699518985046,
CW,map_v1/CW/center,510,4.201410161513776,3.38,-2.0943951023931953,
CW,map_v1/CW/center,511,4.193689679691314,3.3671871693938655,-2.131795014935931,
CW,map_v1/CW/center,512,4.1854955097263975,3.354671976774551,-2.169194927478667,
CW,map_v1/CW/center,513,4.176839111906667,3.3424719257705995,-2.2065948400214026,
CW,map_v1/CW/center,514,4.167732592987212,3.330604079256507,-2.243994752564138,
CW,map_v1/CW/center,515,4.158188689258181,3.319085035488752,-2.2813946651068733,
CW,map_v1/CW/center,516,4.148220748731931,3.3079309048916326,-2.318794577649609,
CW,map_v1/CW/center,517,4.137842712474619,3.297157287525381,-2.356194490192345,
CW,map_v1/CW/center,518,4.127069095108368,3.2867792512680696,-2.39359440273508,
CW,map_v1/CW/center,519,4.115914964511249,3.276811310741819,-2.430994315277816,
CW,map_v1/CW/center,520,4.104395920743493,3.2672674070127883,-2.4683942278205517,
CW,map_v1/CW/center,521,4.092528074229401,3.258160888093333,-2.5057941403632875,
CW,map_v1/CW/center,522,4.080328023225449,3.249504490273602,-2.5431940529060233,
CW,map_v1/CW/center,523,4.067812830606135,3.2413103203086866,-2.5805939654487586,
CW,map_v1/CW/center,524,4.055,3.2335898384862247,-2.617993877991494,
CW,map_v1/CW/center,525,4.041907451309225,3.226353842598156,-2.65539379053423,
CW,map_v1/CW/center,526,4.0285534956470235,3.2196124528390326,-2.6927937030769655,
CW,map_v1/CW/center,527,4.014956809727896,3.2133750976520097,-2.730193615619701,
CW,map_v1/CW/center,528,4.001136409746558,3.2076505005423184,-2.767593528162437,
CW,map_v1/CW/center,529,3.987111624782067,3.2024466678766528,-2.8049934407051724,
CW,map_v1/CW/center,530,3.9729020697643618,3.1977708776855436,-2.842393353247908,
CW,map_v1/CW/center,531,3.9585276180410083,3.193629669484373,-2.8797932657906435,
CW,map_v1/CW/center,532,3.944008373582526,3.1900288351272708,-2.9171931783333793,
CW,map_v1/CW/center,533,3.9293646428651656,3.1869734107066847,-2.954593090876115,
CW,map_v1/CW/center,534,3.91461690647047,3.1844676695099485,-2.9919930034188504,
CW,map_v1/CW/center,535,3.899785790441323,3.182515116042703,-3.029392915961586,
CW,map_v1/CW/center,536,3.88489203743457,3.181118481127528,-3.0667928285043216,
CW,map_v1/CW/center,537,3.8699564777105304,3.1802797180846407,-3.1041927410470573,
CW,map_v1/CW/center,538,3.855,3.18,-3.141592653589793,SE
CW,map_v1/CW/center,539,3.84,3.18,3.141592653589793,
CW,map_v1/CW/center,540,3.825,3.18,3.141592653589793,
CW,map_v1/CW/center,541,3.81,3.18,3.141592653589793,
CW,map_v1/CW/center,542,3.795,3.18,3.141592653589793,
CW,map_v1/CW/center,543,3.78,3.18,3.141592653589793,
CW,map_v1/CW/center,544,3.765,3.18,3.141592653589793,
CW,map_v1/CW/center,545,3.75,3.18,3.141592653589793,
CW,map_v1/CW/center,546,3.735,3.18,3.141592653589793,
CW,map_v1/CW/center,547,3.72,3.18,3.141592653589793,
CW,map_v1/CW/center,548,3.705,3.18,3.141592653589793,
CW,map_v1/CW/center,549,3.69,3.18,3.141592653589793,
CW,map_v1/CW/center,550,3.675,3.18,3.141592653589793,
CW,map_v1/CW/center,551,3.66,3.18,3.141592653589793,
CW,map_v1/CW/center,552,3.645,3.18,3.141592653589793,
CW,map_v1/CW/center,553,3.63,3.18,3.141592653589793,
CW,map_v1/CW/center,554,3.615,3.18,3.141592653589793,
CW,map_v1/CW/center,555,3.6,3.18,3.141592653589793,
CW,map_v1/CW/center,556,3.585,3.18,3.141592653589793,
CW,map_v1/CW/center,557,3.57,3.18,3.141592653589793,
CW,map_v1/CW/center,558,3.555,3.18,3.141592653589793,
CW,map_v1/CW/center,559,3.54,3.18,3.141592653589793,
CW,map_v1/CW/center,560,3.525,3.18,3.141592653589793,
CW,map_v1/CW/center,561,3.51,3.18,3.141592653589793,
CW,map_v1/CW/center,562,3.495,3.18,3.141592653589793,
CW,map_v1/CW/center,563,3.48,3.18,3.141592653589793,
CW,map_v1/CW/center,564,3.465,3.18,3.141592653589793,
CW,map_v1/CW/center,565,3.45,3.18,3.141592653589793,
CW,map_v1/CW/center,566,3.435,3.18,3.141592653589793,
CW,map_v1/CW/center,567,3.42,3.18,3.141592653589793,
CW,map_v1/CW/center,568,3.4050000000000002,3.18,3.141592653589793,
CW,map_v1/CW/center,569,3.39,3.18,3.141592653589793,
CW,map_v1/CW/center,570,3.375,3.18,3.141592653589793,
CW,map_v1/CW/center,571,3.36,3.18,3.141592653589793,
CW,map_v1/CW/center,572,3.3449999999999998,3.18,3.141592653589793,
CW,map_v1/CW/center,573,3.33,3.18,3.141592653589793,
CW,map_v1/CW/center,574,3.315,3.18,3.141592653589793,
CW,map_v1/CW/center,575,3.3,3.18,3.141592653589793,
CW,map_v1/CW/center,576,3.285,3.18,3.141592653589793,
CW,map_v1/CW/center,577,3.27,3.18,3.141592653589793,
CW,map_v1/CW/center,578,3.255,3.18,3.141592653589793,
CW,map_v1/CW/center,579,3.24,3.18,3.141592653589793,
CW,map_v1/CW/center,580,3.225,3.18,3.141592653589793,
CW,map_v1/CW/center,581,3.21,3.18,3.141592653589793,
CW,map_v1/CW/center,582,3.1950000000000003,3.18,3.141592653589793,
CW,map_v1/CW/center,583,3.18,3.18,3.141592653589793,
CW,map_v1/CW/center,584,3.165,3.18,3.141592653589793,
CW,map_v1/CW/center,585,3.15,3.18,3.141592653589793,
CW,map_v1/CW/center,586,3.1350000000000002,3.18,3.141592653589793,
CW,map_v1/CW/center,587,3.12,3.18,3.141592653589793,
CW,map_v1/CW/center,588,3.105,3.18,3.141592653589793,
CW,map_v1/CW/center,589,3.09,3.18,3.141592653589793,
CW,map_v1/CW/center,590,3.075,3.18,3.141592653589793,
CW,map_v1/CW/center,591,3.06,3.18,3.141592653589793,
CW,map_v1/CW/center,592,3.045,3.18,3.141592653589793,
CW,map_v1/CW/center,593,3.0300000000000002,3.18,3.141592653589793,
CW,map_v1/CW/center,594,3.015,3.18,3.141592653589793,
CW,map_v1/CW/center,595,3.0,3.18,3.141592653589793,
CW,map_v1/CW/center,596,2.9850000000000003,3.18,3.141592653589793,
CW,map_v1/CW/center,597,2.97,3.18,3.141592653589793,
CW,map_v1/CW/center,598,2.955,3.18,3.141592653589793,
CW,map_v1/CW/center,599,2.9400000000000004,3.18,3.141592653589793,
CW,map_v1/CW/center,600,2.925,3.18,3.141592653589793,
CW,map_v1/CW/center,601,2.91,3.18,3.141592653589793,
CW,map_v1/CW/center,602,2.895,3.18,3.141592653589793,
CW,map_v1/CW/center,603,2.88,3.18,3.141592653589793,
CW,map_v1/CW/center,604,2.865,3.18,3.141592653589793,
CW,map_v1/CW/center,605,2.85,3.18,3.141592653589793,C_RING_COMPLETE|RETURN_SPLIT
CW,map_v1/CW/center,606,2.835145578881348,3.1796846381716386,-3.099138698811553,
CW,map_v1/CW/center,607,2.820317926433572,3.178739120989884,-3.0566847440333125,
CW,map_v1/CW/center,608,2.8055437630885924,3.177165152340607,-3.014230789255072,
CW,map_v1/CW/center,609,2.790849712887353,3.174965568621698,-2.971776834476832,
CW,map_v1/CW/center,610,2.776262255501496,3.17214433363169,-2.9293228796985913,
CW,map_v1/CW/center,611,2.7618076785152064,3.1687065314267246,-2.8868689249203507,
CW,map_v1/CW/center,612,2.7475120300532074,3.164658357158738,-2.8444149701421106,
CW,map_v1/CW/center,613,2.73340107184028,3.1600071059113795,-2.8019610153638697,
CW,map_v1/CW/center,614,2.719500232776892,3.1547611595537783,-2.7595070605856296,
CW,map_v1/CW/center,615,2.705834563114603,3.1489299716358476,-2.717053105807389,
CW,map_v1/CW/center,616,2.6924286893138145,3.142524050352349,-2.6745991510291485,
CW,map_v1/CW/center,617,2.679306769665228,3.1355549396064157,-2.632145196250908,
CW,map_v1/CW/center,618,2.666492450754969,3.128035198206659,-2.589691241472668,
CW,map_v1/CW/center,619,2.6540088248518416,3.119978377235345,-2.547237286694427,
CW,map_v1/CW/center,620,2.6418783882934997,3.1113989956284294,-2.5047833319161867,
CW,map_v1/CW/center,621,2.6301230009465253,3.102312514011454,-2.462329377137946,
CW,map_v1/CW/center,622,2.6187638468134717,3.0927353068384535,-2.4198754223597057,
CW,map_v1/CW/center,623,2.607821395857859,3.082684632884084,-2.3774214675814656,
CW,map_v1/CW/center,624,2.5973153671159164,3.0721786041421413,-2.334967512803225,
CW,map_v1/CW/center,625,2.5872646931615466,3.0612361531865284,-2.2925135580249845,
CW,map_v1/CW/center,626,2.5776874859885464,3.049876999053475,-2.250059603246744,
CW,map_v1/CW/center,627,2.568601004371571,3.0381216117065004,-2.2076056484685034,
CW,map_v1/CW/center,628,2.5600216227646553,3.0259911751481585,-2.165151693690263,
CW,map_v1/CW/center,629,2.551964801793341,3.013507549245031,-2.122697738912022,
CW,map_v1/CW/center,630,2.5444450603935844,3.000693230334772,-2.0802437841337826,
CW,map_v1/CW/center,631,2.5374759496476513,2.9875713106861856,-2.037789829355542,
CW,map_v1/CW/center,632,2.5310700283641525,2.9741654368853974,-1.9953358745773013,
CW,map_v1/CW/center,633,2.525238840446222,2.960499767223108,-1.9528819197990608,
CW,map_v1/CW/center,634,2.5199928940886207,2.94659892815972,-1.9104279650208202,
CW,map_v1/CW/center,635,2.5153416428412623,2.9324879699467927,-1.8679740102425797,
CW,map_v1/CW/center,636,2.5112934685732755,2.918192321484794,-1.82552005546434,
CW,map_v1/CW/center,637,2.50785566636831,2.903737744498504,-1.7830661006860995,
CW,map_v1/CW/center,638,2.505034431378302,2.8891502871126473,-1.740612145907859,
CW,map_v1/CW/center,639,2.5028348476593933,2.8744562369114077,-1.6981581911296184,
CW,map_v1/CW/center,640,2.5012608790101156,2.8596820735664283,-1.6557042363513779,
CW,map_v1/CW/center,641,2.5003153618283616,2.844854421118652,-1.6132502815731373,
CW,map_v1/CW/center,642,2.5,2.83,-1.5707963267948968,
CW,map_v1/CW/center,643,2.5,2.8156521739130436,-1.5707963267948966,
CW,map_v1/CW/center,644,2.5,2.801304347826087,-1.5707963267948966,
CW,map_v1/CW/center,645,2.5,2.7869565217391306,-1.5707963267948966,
CW,map_v1/CW/center,646,2.5,2.772608695652174,-1.5707963267948966,
CW,map_v1/CW/center,647,2.5,2.7582608695652175,-1.5707963267948966,
CW,map_v1/CW/center,648,2.5,2.743913043478261,-1.5707963267948966,
CW,map_v1/CW/center,649,2.5,2.7295652173913045,-1.5707963267948966,
CW,map_v1/CW/center,650,2.5,2.715217391304348,-1.5707963267948966,
CW,map_v1/CW/center,651,2.5,2.7008695652173915,-1.5707963267948966,
CW,map_v1/CW/center,652,2.5,2.686521739130435,-1.5707963267948966,
CW,map_v1/CW/center,653,2.5,2.672173913043478,-1.5707963267948966,
CW,map_v1/CW/center,654,2.5,2.657826086956522,-1.5707963267948966,
CW,map_v1/CW/center,655,2.5,2.643478260869565,-1.5707963267948966,
CW,map_v1/CW/center,656,2.5,2.6291304347826085,-1.5707963267948966,
CW,map_v1/CW/center,657,2.5,2.614782608695652,-1.5707963267948966,
CW,map_v1/CW/center,658,2.5,2.6004347826086955,-1.5707963267948966,
CW,map_v1/CW/center,659,2.5,2.586086956521739,-1.5707963267948966,
CW,map_v1/CW/center,660,2.5,2.5717391304347825,-1.5707963267948966,
CW,map_v1/CW/center,661,2.5,2.557391304347826,-1.5707963267948966,
CW,map_v1/CW/center,662,2.5,2.5430434782608695,-1.5707963267948966,
CW,map_v1/CW/center,663,2.5,2.528695652173913,-1.5707963267948966,
CW,map_v1/CW/center,664,2.5,2.5143478260869565,-1.5707963267948966,
CW,map_v1/CW/center,665,2.5,2.5,-1.5707963267948966,GATE_OUT
CW,map_v1/CW/outer,0,2.5,2.3,1.5707963267948966,GATE_BEGIN
CW,map_v1/CW/outer,1,2.5,2.314285714285714,1.5707963267948966,
CW,map_v1/CW/outer,2,2.5,2.3285714285714283,1.5707963267948966,
CW,map_v1/CW/outer,3,2.5,2.3428571428571425,1.5707963267948966,
CW,map_v1/CW/outer,4,2.5,2.357142857142857,1.5707963267948966,
CW,map_v1/CW/outer,5,2.5,2.3714285714285714,1.5707963267948966,
CW,map_v1/CW/outer,6,2.5,2.3857142857142857,1.5707963267948966,
CW,map_v1/CW/outer,7,2.5,2.4,1.5707963267948966,
CW,map_v1/CW/outer,8,2.5,2.414285714285714,1.5707963267948966,
CW,map_v1/CW/outer,9,2.5,2.4285714285714284,1.5707963267948966,
CW,map_v1/CW/outer,10,2.5,2.4428571428571426,1.5707963267948966,
CW,map_v1/CW/outer,11,2.5,2.4571428571428573,1.5707963267948966,
CW,map_v1/CW/outer,12,2.5,2.4714285714285715,1.5707963267948966,
CW,map_v1/CW/outer,13,2.5,2.4857142857142858,1.5707963267948966,
CW,map_v1/CW/outer,14,2.5,2.5,1.5707963267948966,GATE
CW,map_v1/CW/outer,15,2.5,2.5142857142857142,1.5707963267948966,
CW,map_v1/CW/outer,16,2.5,2.5285714285714285,1.5707963267948966,
CW,map_v1/CW/outer,17,2.5,2.5428571428571427,1.5707963267948966,
CW,map_v1/CW/outer,18,2.5,2.5571428571428574,1.5707963267948966,
CW,map_v1/CW/outer,19,2.5,2.5714285714285716,1.5707963267948966,
CW,map_v1/CW/outer,20,2.5,2.585714285714286,1.5707963267948966,
CW,map_v1/CW/outer,21,2.5,2.6,1.5707963267948966,
CW,map_v1/CW/outer,22,2.5,2.6142857142857143,1.5707963267948966,
CW,map_v1/CW/outer,23,2.5,2.6285714285714286,1.5707963267948966,
CW,map_v1/CW/outer,24,2.5,2.642857142857143,1.5707963267948966,
CW,map_v1/CW/outer,25,2.5,2.6571428571428575,1.5707963267948966,
CW,map_v1/CW/outer,26,2.5,2.6714285714285717,1.5707963267948966,
CW,map_v1/CW/outer,27,2.5,2.685714285714286,1.5707963267948966,
CW,map_v1/CW/outer,28,2.5,2.7,1.5707963267948966,
CW,map_v1/CW/outer,29,2.5,2.7142857142857144,1.5707963267948966,
CW,map_v1/CW/outer,30,2.5,2.7285714285714286,1.5707963267948966,
CW,map_v1/CW/outer,31,2.5,2.742857142857143,1.5707963267948966,
CW,map_v1/CW/outer,32,2.5,2.757142857142857,1.5707963267948966,
CW,map_v1/CW/outer,33,2.5,2.771428571428572,1.5707963267948966,
CW,map_v1/CW/outer,34,2.5,2.785714285714286,1.5707963267948966,
CW,map_v1/CW/outer,35,2.5,2.8000000000000003,1.5707963267948966,TURN_ENTRY
CW,map_v1/CW/outer,36,2.4996846381716384,2.8148544211186524,1.613250281573137,
CW,map_v1/CW/outer,37,2.4987391209898844,2.8296820735664285,1.6557042363513774,
CW,map_v1/CW/outer,38,2.4971651523406067,2.844456236911408,1.698158191129618,
CW,map_v1/CW/outer,39,2.494965568621698,2.8591502871126475,1.7406121459078583,
CW,map_v1/CW/outer,40,2.49214433363169,2.8737377444985044,1.7830661006860988,
CW,map_v1/CW/outer,41,2.4887065314267245,2.888192321484794,1.8255200554643394,
CW,map_v1/CW/outer,42,2.4846583571587377,2.902487969946793,1.8679740102425797,
CW,map_v1/CW/outer,43,2.4800071059113793,2.91659892815972,1.91042796502082,
CW,map_v1/CW/outer,44,2.474761159553778,2.9304997672231083,1.9528819197990606,
CW,map_v1/CW/outer,45,2.4689299716358475,2.9441654368853976,1.995335874577301,
CW,map_v1/CW/outer,46,2.4625240503523487,2.957571310686186,2.0377898293555416,
CW,map_v1/CW/outer,47,2.4555549396064156,2.9706932303347724,2.080243784133782,
CW,map_v1/CW/outer,48,2.448035198206659,2.983507549245031,2.1226977389120223,
CW,map_v1/CW/outer,49,2.4399783772353447,2.9959911751481587,2.165151693690263,
CW,map_v1/CW/outer,50,2.431398995628429,3.0081216117065006,2.2076056484685034,
CW,map_v1/CW/outer,51,2.4223125140114536,3.019876999053475,2.2500596032467435,
CW,map_v1/CW/outer,52,2.4127353068384534,3.0312361531865286,2.292513558024984,
CW,map_v1/CW/outer,53,2.4026846328840836,3.0421786041421415,2.3349675128032246,
CW,map_v1/CW/outer,54,2.392178604142141,3.052684632884084,2.377421467581465,
CW,map_v1/CW/outer,55,2.3812361531865283,3.0627353068384537,2.4198754223597057,
CW,map_v1/CW/outer,56,2.3698769990534747,3.072312514011454,2.462329377137946,
CW,map_v1/CW/outer,57,2.3581216117065003,3.0813989956284296,2.5047833319161863,
CW,map_v1/CW/outer,58,2.3459911751481584,3.089978377235345,2.547237286694427,
CW,map_v1/CW/outer,59,2.333507549245031,3.0980351982066594,2.5896912414726674,
CW,map_v1/CW/outer,60,2.320693230334772,3.105554939606416,2.6321451962509075,
CW,map_v1/CW/outer,61,2.3075713106861855,3.112524050352349,2.674599151029148,
CW,map_v1/CW/outer,62,2.294165436885397,3.118929971635848,2.7170531058073886,
CW,map_v1/CW/outer,63,2.280499767223108,3.1247611595537785,2.759507060585629,
CW,map_v1/CW/outer,64,2.26659892815972,3.1300071059113797,2.8019610153638697,
CW,map_v1/CW/outer,65,2.2524879699467926,3.134658357158738,2.84441497014211,
CW,map_v1/CW/outer,66,2.2381923214847936,3.138706531426725,2.8868689249203503,
CW,map_v1/CW/outer,67,2.223737744498504,3.1421443336316903,2.929322879698591,
CW,map_v1/CW/outer,68,2.209150287112647,3.144965568621698,2.9717768344768314,
CW,map_v1/CW/outer,69,2.1944562369114076,3.147165152340607,3.014230789255072,
CW,map_v1/CW/outer,70,2.179682073566428,3.1487391209898847,3.056684744033312,
CW,map_v1/CW/outer,71,2.164854421118652,3.149684638171639,3.0991386988115526,
CW,map_v1/CW/outer,72,2.15,3.1500000000000004,3.141592653589793,SPLIT|C_RING_ENTRY
CW,map_v1/CW/outer,73,2.135,3.1500000000000004,3.141592653589793,
CW,map_v1/CW/outer,74,2.12,3.1500000000000004,3.141592653589793,
CW,map_v1/CW/outer,75,2.105,3.1500000000000004,3.141592653589793,
CW,map_v1/CW/outer,76,2.09,3.1500000000000004,3.141592653589793,
CW,map_v1/CW/outer,77,2.0749999999999997,3.1500000000000004,3.141592653589793,
CW,map_v1/CW/outer,78,2.06,3.1500000000000004,3.141592653589793,
CW,map_v1/CW/outer,79,2.045,3.1500000000000004,3.141592653589793,
CW,map_v1/CW/outer,80,2.03,3.1500000000000004,3.141592653589793,
CW,map_v1/CW/outer,81,2.015,3.1500000000000004,3.141592653589793,
CW,map_v1/CW/outer,82,2.0,3.1500000000000004,3.141592653589793,
CW,map_v1/CW/outer,83,1.9849999999999999,3.1500000000000004,3.141592653589793,
CW,map_v1/CW/outer,84,1.97,3.1500000000000004,3.141592653589793,
CW,map_v1/CW/outer,85,1.9549999999999998,3.1500000000000004,3.141592653589793,
CW,map_v1/CW/outer,86,1.94,3.1500000000000004,3.141592653589793,
CW,map_v1/CW/outer,87,1.9249999999999998,3.1500000000000004,3.141592653589793,
CW,map_v1/CW/outer,88,1.91,3.1500000000000004,3.141592653589793,
CW,map_v1/CW/outer,89,1.895,3.1500000000000004,3.141592653589793,
CW,map_v1/CW/outer,90,1.88,3.1500000000000004,3.141592653589793,
CW,map_v1/CW/outer,91,1.865,3.1500000000000004,3.141592653589793,
CW,map_v1/CW/outer,92,1.85,3.1500000000000004,3.141592653589793,
CW,map_v1/CW/outer,93,1.835,3.1500000000000004,3.141592653589793,
CW,map_v1/CW/outer,94,1.8199999999999998,3.1500000000000004,3.141592653589793,
CW,map_v1/CW/outer,95,1.805,3.1500000000000004,3.141592653589793,
CW,map_v1/CW/outer,96,1.79,3.1500000000000004,3.141592653589793,
CW,map_v1/CW/outer,97,1.775,3.1500000000000004,3.141592653589793,
CW,map_v1/CW/outer,98,1.76,3.1500000000000004,3.141592653589793,
CW,map_v1/CW/outer,99,1.7449999999999999,3.1500000000000004,3.141592653589793,
CW,map_v1/CW/outer,100,1.73,3.1500000000000004,3.141592653589793,
CW,map_v1/CW/outer,101,1.7149999999999999,3.1500000000000004,3.141592653589793,
CW,map_v1/CW/outer,102,1.7,3.1500000000000004,3.141592653589793,
CW,map_v1/CW/outer,103,1.685,3.1500000000000004,3.141592653589793,
CW,map_v1/CW/outer,104,1.67,3.1500000000000004,3.141592653589793,
CW,map_v1/CW/outer,105,1.655,3.1500000000000004,3.141592653589793,
CW,map_v1/CW/outer,106,1.64,3.1500000000000004,3.141592653589793,
CW,map_v1/CW/outer,107,1.625,3.1500000000000004,3.141592653589793,
CW,map_v1/CW/outer,108,1.6099999999999999,3.1500000000000004,3.141592653589793,
CW,map_v1/CW/outer,109,1.595,3.1500000000000004,3.141592653589793,
CW,map_v1/CW/outer,110,1.58,3.1500000000000004,3.141592653589793,
CW,map_v1/CW/outer,111,1.565,3.1500000000000004,3.141592653589793,
CW,map_v1/CW/outer,112,1.55,3.1500000000000004,3.141592653589793,
CW,map_v1/CW/outer,113,1.5350000000000001,3.1500000000000004,3.141592653589793,
CW,map_v1/CW/outer,114,1.52,3.1500000000000004,3.141592653589793,
CW,map_v1/CW/outer,115,1.505,3.1500000000000004,3.141592653589793,
CW,map_v1/CW/outer,116,1.49,3.1500000000000004,3.141592653589793,
CW,map_v1/CW/outer,117,1.475,3.1500000000000004,3.141592653589793,
CW,map_v1/CW/outer,118,1.46,3.1500000000000004,3.141592653589793,
CW,map_v1/CW/outer,119,1.4449999999999998,3.1500000000000004,3.141592653589793,
CW,map_v1/CW/outer,120,1.4300000000000002,3.1500000000000004,3.141592653589793,
CW,map_v1/CW/outer,121,1.415,3.1500000000000004,3.141592653589793,
CW,map_v1/CW/outer,122,1.4,3.1500000000000004,3.141592653589793,
CW,map_v1/CW/outer,123,1.385,3.1500000000000004,3.141592653589793,
CW,map_v1/CW/outer,124,1.37,3.1500000000000004,3.141592653589793,
CW,map_v1/CW/outer,125,1.355,3.1500000000000004,3.141592653589793,
CW,map_v1/CW/outer,126,1.3399999999999999,3.1500000000000004,3.141592653589793,
CW,map_v1/CW/outer,127,1.325,3.1500000000000004,3.141592653589793,
CW,map_v1/CW/outer,128,1.31,3.1500000000000004,3.141592653589793,
CW,map_v1/CW/outer,129,1.295,3.1500000000000004,3.141592653589793,
CW,map_v1/CW/outer,130,1.28,3.1500000000000004,3.141592653589793,
CW,map_v1/CW/outer,131,1.2650000000000001,3.1500000000000004,3.141592653589793,
CW,map_v1/CW/outer,132,1.25,3.1500000000000004,3.141592653589793,
CW,map_v1/CW/outer,133,1.235,3.1500000000000004,3.141592653589793,
CW,map_v1/CW/outer,134,1.22,3.1500000000000004,3.141592653589793,
CW,map_v1/CW/outer,135,1.205,3.1500000000000004,3.141592653589793,
CW,map_v1/CW/outer,136,1.19,3.1500000000000004,3.141592653589793,
CW,map_v1/CW/outer,137,1.175,3.1500000000000004,3.141592653589793,
CW,map_v1/CW/outer,138,1.1600000000000001,3.1500000000000004,3.141592653589793,
CW,map_v1/CW/outer,139,1.145,3.1500000000000004,3.141592653589793,
CW,map_v1/CW/outer,140,1.1303193226200339,3.1502506803825456,3.107444907355122,
CW,map_v1/CW/outer,141,1.1156557622531915,3.1510024292480687,3.07329716112045,
CW,map_v1/CW/outer,142,1.1010264159549252,3.1522543700910197,3.0391494148857787,
CW,map_v1/CW/outer,143,1.086448340888614,3.1540050432043785,3.005001668651107,
CW,map_v1/CW/outer,144,1.0719385344376733,3.156252407381606,2.970853922416435,
CW,map_v1/CW/outer,145,1.0575139143873675,3.1589938422966015,2.936706176181764,
CW,map_v1/CW/outer,146,1.0431912991994279,3.162226151558886,2.9025584299470917,
CW,map_v1/CW/outer,147,1.0289873884024796,3.165945566440447,2.8684106837124204,
CW,map_v1/CW/outer,148,1.0149187431211375,3.170147750269911,2.8342629374777486,
CW,map_v1/CW/outer,149,1.001001766766476,3.1748278034889075,2.800115191243077,
CW,map_v1/CW/outer,150,0.9872526859103857,3.1799802693647323,2.7659674450084055,
CW,map_v1/CW/outer,151,0.9736875313661162,3.1855991403526556,2.7318196987737333,
CW,map_v1/CW/outer,152,0.9603221194970648,3.191677865100451,2.697671952539062,
CW,map_v1/CW/outer,153,0.9471720337756047,3.1982093560869793,2.6635242063043902,
CW,map_v1/CW/outer,154,0.9342526066134526,3.2051859978859176,2.6293764600697185,
CW,map_v1/CW/outer,155,0.9215789014847636,3.2125996560450103,2.595228713835047,
CW,map_v1/CW/outer,156,0.9091656953627929,3.220441686570475,2.561080967600375,
CW,map_v1/CW/outer,157,0.8970274614906071,3.2287029460055106,2.5269332213657036,
CW,map_v1/CW/outer,158,0.8851783525059294,3.2373738020911613,2.4927854751310314,
CW,map_v1/CW/outer,159,0.8736321839397972,3.2464441449971,2.45863772889636,
CW,map_v1/CW/outer,160,0.8624024181082719,3.255903399109235,2.424489982661689,
CW,map_v1/CW/outer,161,0.8515021484159788,3.265740535360407,2.390342236427017,
CW,map_v1/CW/outer,162,0.8409440840897846,3.275944084089785,2.3561944901923453,
CW,map_v1/CW/outer,163,0.8307405353604066,3.286502148415979,2.3220467439576735,
CW,map_v1/CW/outer,164,0.8209033991092347,3.2974024181082724,2.2878989977230018,
CW,map_v1/CW/outer,165,0.8114441449970995,3.308632183939798,2.2537512514883304,
CW,map_v1/CW/outer,166,0.802373802091161,3.3201783525059296,2.219603505253659,
CW,map_v1/CW/outer,167,0.79370294600551,3.3320274614906076,2.1854557590189865,
CW,map_v1/CW/outer,168,0.7854416865704743,3.3441656953627934,2.1513080127843147,
CW,map_v1/CW/outer,169,0.7775996560450099,3.356578901484764,2.1171602665496434,
CW,map_v1/CW/outer,170,0.7701859978859169,3.369252606613453,2.083012520314972,
CW,map_v1/CW/outer,171,0.7632093560869786,3.382172033775605,2.0488647740803008,
CW,map_v1/CW/outer,172,0.7566778651004509,3.3953221194970653,2.0147170278456286,
CW,map_v1/CW/outer,173,0.7505991403526552,3.408687531366117,1.9805692816109561,
CW,map_v1/CW/outer,174,0.7449802693647317,3.422252685910386,1.9464215353762848,
CW,map_v1/CW/outer,175,0.7398278034889072,3.436001766766476,1.9122737891416135,
CW,map_v1/CW/outer,176,0.7351477502699109,3.4499187431211378,1.8781260429069422,
CW,map_v1/CW/outer,177,0.7309455664404463,3.46398738840248,1.84397829667227,
CW,map_v1/CW/outer,178,0.7272261515588851,3.478191299199428,1.8098305504375987,
CW,map_v1/CW/outer,179,0.7239938422966011,3.4925139143873682,1.7756828042029265,
CW,map_v1/CW/outer,180,0.7212524073816053,3.5069385344376736,1.7415350579682551,
CW,map_v1/CW/outer,181,0.7190050432043777,3.5214483408886146,1.7073873117335838,
CW,map_v1/CW/outer,182,0.7172543700910192,3.5360264159549257,1.6732395654989116,
CW,map_v1/CW/outer,183,0.7160024292480681,3.550655762253192,1.6390918192642403,
CW,map_v1/CW/outer,184,0.7152506803825451,3.5653193226200344,1.604944073029568,
CW,map_v1/CW/outer,185,0.715,3.5800000000000005,1.5707963267948968,SW
CW,map_v1/CW/outer,186,0.715,3.5950000000000006,1.5707963267948966,
CW,map_v1/CW/outer,187,0.715,3.6100000000000003,1.5707963267948966,
CW,map_v1/CW/outer,188,0.715,3.6250000000000004,1.5707963267948966,
CW,map_v1/CW/outer,189,0.715,3.6400000000000006,1.5707963267948966,
CW,map_v1/CW/outer,190,0.715,3.6550000000000002,1.5707963267948966,
CW,map_v1/CW/outer,191,0.715,3.6700000000000004,1.5707963267948966,
CW,map_v1/CW/outer,192,0.715,3.6850000000000005,1.5707963267948966,
CW,map_v1/CW/outer,193,0.715,3.7,1.5707963267948966,
CW,map_v1/CW/outer,194,0.715,3.7150000000000003,1.5707963267948966,
CW,map_v1/CW/outer,195,0.715,3.7300000000000004,1.5707963267948966,
CW,map_v1/CW/outer,196,0.715,3.745,1.5707963267948966,
CW,map_v1/CW/outer,197,0.715,3.7600000000000002,1.5707963267948966,
CW,map_v1/CW/outer,198,0.715,3.7750000000000004,1.5707963267948966,
CW,map_v1/CW/outer,199,0.715,3.79,1.5707963267948966,
CW,map_v1/CW/outer,200,0.715,3.805,1.5707963267948966,
CW,map_v1/CW/outer,201,0.715,3.8200000000000003,1.5707963267948966,
CW,map_v1/CW/outer,202,0.715,3.835,1.5707963267948966,
CW,map_v1/CW/outer,203,0.715,3.85,1.5707963267948966,
CW,map_v1/CW/outer,204,0.715,3.865,1.5707963267948966,
CW,map_v1/CW/outer,205,0.715,3.88,1.5707963267948966,
CW,map_v1/CW/outer,206,0.715,3.895,1.5707963267948966,
CW,map_v1/CW/outer,207,0.715,3.91,1.5707963267948966,
CW,map_v1/CW/outer,208,0.715,3.925,1.5707963267948966,
CW,map_v1/CW/outer,209,0.715,3.94,1.5707963267948966,
CW,map_v1/CW/outer,210,0.7152506803825451,3.954680677379966,1.5366485805602248,
CW,map_v1/CW/outer,211,0.7160024292480681,3.9693442377468084,1.502500834325553,
CW,map_v1/CW/outer,212,0.7172543700910192,3.9839735840450747,1.4683530880908817,
CW,map_v1/CW/outer,213,0.7190050432043777,3.998551659111386,1.43420534185621,
CW,map_v1/CW/outer,214,0.7212524073816053,4.013061465562327,1.4000575956215382,
CW,map_v1/CW/outer,215,0.7239938422966012,4.027486085612632,1.3659098493868664,
CW,map_v1/CW/outer,216,0.7272261515588851,4.041808700800572,1.3317621031521947,
CW,map_v1/CW/outer,217,0.7309455664404463,4.05601261159752,1.2976143569175234,
CW,map_v1/CW/outer,218,0.7351477502699109,4.070081256878862,1.2634666106828516,
CW,map_v1/CW/outer,219,0.7398278034889072,4.083998233233524,1.2293188644481798,
CW,map_v1/CW/outer,220,0.7449802693647317,4.097747314089614,1.1951711182135085,
CW,map_v1/CW/outer,221,0.7505991403526552,4.1113124686338836,1.1610233719788368,
CW,map_v1/CW/outer,222,0.7566778651004509,4.124677880502936,1.126875625744165,
CW,map_v1/CW/outer,223,0.7632093560869786,4.137827966224395,1.0927278795094932,
CW,map_v1/CW/outer,224,0.7701859978859169,4.150747393386547,1.0585801332748215,
CW,map_v1/CW/outer,225,0.7775996560450099,4.1634210985152365,1.0244323870401502,
CW,map_v1/CW/outer,226,0.7854416865704744,4.175834304637207,0.990284640805478,
CW,map_v1/CW/outer,227,0.79370294600551,4.187972538509393,0.9561368945708065,
CW,map_v1/CW/outer,228,0.802373802091161,4.199821647494071,0.9219891483361349,
CW,map_v1/CW/outer,229,0.8114441449970995,4.211367816060203,0.8878414021014631,
CW,map_v1/CW/outer,230,0.8209033991092347,4.222597581891728,0.8536936558667918,
CW,map_v1/CW/outer,231,0.8307405353604066,4.233497851584021,0.81954590963212,
CW,map_v1/CW/outer,232,0.8409440840897846,4.244055915910216,0.7853981633974483,
CW,map_v1/CW/outer,233,0.8515021484159788,4.254259464639594,0.7512504171627765,
CW,map_v1/CW/outer,234,0.8624024181082719,4.264096600890765,0.7171026709281048,
CW,map_v1/CW/outer,235,0.8736321839397972,4.2735558550029005,0.6829549246934334,
CW,map_v1/CW/outer,236,0.8851783525059294,4.282626197908839,0.6488071784587617,
CW,map_v1/CW/outer,237,0.8970274614906071,4.29129705399449,0.6146594322240899,
CW,map_v1/CW/outer,238,0.909165695362793,4.299558313429526,0.5805116859894182,
CW,map_v1/CW/outer,239,0.9215789014847636,4.30740034395499,0.5463639397547464,
CW,map_v1/CW/outer,240,0.9342526066134526,4.314814002114083,0.5122161935200751,
CW,map_v1/CW/outer,241,0.9471720337756047,4.321790643913022,0.4780684472854033,
CW,map_v1/CW/outer,242,0.9603221194970648,4.328322134899549,0.44392070105073156,
CW,map_v1/CW/outer,243,0.9736875313661163,4.334400859647345,0.4097729548160598,
CW,map_v1/CW/outer,244,0.9872526859103857,4.340019730635269,0.37562520858138826,
CW,map_v1/CW/outer,245,1.001001766766476,4.3451721965110925,0.3414774623467167,
CW,map_v1/CW/outer,246,1.0149187431211375,4.349852249730089,0.30732971611204496,
CW,map_v1/CW/outer,247,1.0289873884024796,4.354054433559554,0.2731819698773734,
CW,map_v1/CW/outer,248,1.0431912991994279,4.357773848441115,0.2390342236427017,
CW,map_v1/CW/outer,249,1.0575139143873675,4.3610061577033985,0.2048864774080299,
CW,map_v1/CW/outer,250,1.0719385344376733,4.363747592618394,0.17073873117335836,
CW,map_v1/CW/outer,251,1.086448340888614,4.365994956795622,0.1365909849386866,
CW,map_v1/CW/outer,252,1.1010264159549252,4.367745629908981,0.10244323870401506,
CW,map_v1/CW/outer,253,1.1156557622531915,4.368997570751932,0.06829549246934352,
CW,map_v1/CW/outer,254,1.1303193226200339,4.369749319617455,0.03414774623467154,
CW,map_v1/CW/outer,255,1.145,4.37,0.0,NW
CW,map_v1/CW/outer,256,1.1599723756906077,4.37,0.0,
CW,map_v1/CW/outer,257,1.1749447513812155,4.37,0.0,
CW,map_v1/CW/outer,258,1.1899171270718232,4.37,0.0,
CW,map_v1/CW/outer,259,1.204889502762431,4.37,0.0,
CW,map_v1/CW/outer,260,1.2198618784530386,4.37,0.0,
CW,map_v1/CW/outer,261,1.2348342541436463,4.37,0.0,
CW,map_v1/CW/outer,262,1.249806629834254,4.37,0.0,
CW,map_v1/CW/outer,263,1.2647790055248618,4.37,0.0,
CW,map_v1/CW/outer,264,1.2797513812154697,4.37,0.0,
CW,map_v1/CW/outer,265,1.2947237569060774,4.37,0.0,
CW,map_v1/CW/outer,266,1.3096961325966852,4.37,0.0,
CW,map_v1/CW/outer,267,1.3246685082872929,4.37,0.0,
CW,map_v1/CW/outer,268,1.3396408839779006,4.37,0.0,
CW,map_v1/CW/outer,269,1.3546132596685083,4.37,0.0,
CW,map_v1/CW/outer,270,1.369585635359116,4.37,0.0,
CW,map_v1/CW/outer,271,1.3845580110497238,4.37,0.0,
CW,map_v1/CW/outer,272,1.3995303867403315,4.37,0.0,
CW,map_v1/CW/outer,273,1.4145027624309392,4.37,0.0,
CW,map_v1/CW/outer,274,1.429475138121547,4.37,0.0,
CW,map_v1/CW/outer,275,1.4444475138121546,4.37,0.0,
CW,map_v1/CW/outer,276,1.4594198895027624,4.37,0.0,
CW,map_v1/CW/outer,277,1.4743922651933703,4.37,0.0,
CW,map_v1/CW/outer,278,1.489364640883978,4.37,0.0,
CW,map_v1/CW/outer,279,1.5043370165745857,4.37,0.0,
CW,map_v1/CW/outer,280,1.5193093922651935,4.37,0.0,
CW,map_v1/CW/outer,281,1.5342817679558012,4.37,0.0,
CW,map_v1/CW/outer,282,1.549254143646409,4.37,0.0,
CW,map_v1/CW/outer,283,1.5642265193370166,4.37,0.0,
CW,map_v1/CW/outer,284,1.5791988950276243,4.37,0.0,
CW,map_v1/CW/outer,285,1.594171270718232,4.37,0.0,
CW,map_v1/CW/outer,286,1.6091436464088398,4.37,0.0,
CW,map_v1/CW/outer,287,1.6241160220994475,4.37,0.0,
CW,map_v1/CW/outer,288,1.6390883977900552,4.37,0.0,
CW,map_v1/CW/outer,289,1.654060773480663,4.37,0.0,
CW,map_v1/CW/outer,290,1.6690331491712707,4.37,0.0,
CW,map_v1/CW/outer,291,1.6840055248618784,4.37,0.0,
CW,map_v1/CW/outer,292,1.698977900552486,4.37,0.0,
CW,map_v1/CW/outer,293,1.7139502762430938,4.37,0.0,
CW,map_v1/CW/outer,294,1.7289226519337015,4.37,0.0,
CW,map_v1/CW/outer,295,1.7438950276243093,4.37,0.0,
CW,map_v1/CW/outer,296,1.7588674033149172,4.37,0.0,
CW,map_v1/CW/outer,297,1.7738397790055247,4.37,0.0,
CW,map_v1/CW/outer,298,1.7888121546961326,4.37,0.0,
CW,map_v1/CW/outer,299,1.8037845303867404,4.37,0.0,
CW,map_v1/CW/outer,300,1.818756906077348,4.37,0.0,
CW,map_v1/CW/outer,301,1.833729281767956,4.37,0.0,
CW,map_v1/CW/outer,302,1.8487016574585635,4.37,0.0,
CW,map_v1/CW/outer,303,1.8636740331491712,4.37,0.0,
CW,map_v1/CW/outer,304,1.878646408839779,4.37,0.0,
CW,map_v1/CW/outer,305,1.893618784530387,4.37,0.0,
CW,map_v1/CW/outer,306,1.9085911602209946,4.37,0.0,
CW,map_v1/CW/outer,307,1.9235635359116023,4.37,0.0,
CW,map_v1/CW/outer,308,1.9385359116022098,4.37,0.0,
CW,map_v1/CW/outer,309,1.9535082872928178,4.37,0.0,
CW,map_v1/CW/outer,310,1.9684806629834255,4.37,0.0,
CW,map_v1/CW/outer,311,1.9834530386740332,4.37,0.0,
CW,map_v1/CW/outer,312,1.998425414364641,4.37,0.0,
CW,map_v1/CW/outer,313,2.0133977900552487,4.37,0.0,
CW,map_v1/CW/outer,314,2.0283701657458564,4.37,0.0,
CW,map_v1/CW/outer,315,2.043342541436464,4.37,0.0,
CW,map_v1/CW/outer,316,2.058314917127072,4.37,0.0,
CW,map_v1/CW/outer,317,2.0732872928176795,4.37,0.0,
CW,map_v1/CW/outer,318,2.0882596685082873,4.37,0.0,
CW,map_v1/CW/outer,319,2.103232044198895,4.37,0.0,
CW,map_v1/CW/outer,320,2.1182044198895027,4.37,0.0,
CW,map_v1/CW/outer,321,2.1331767955801104,4.37,0.0,
CW,map_v1/CW/outer,322,2.148149171270718,4.37,0.0,
CW,map_v1/CW/outer,323,2.163121546961326,4.37,0.0,
CW,map_v1/CW/outer,324,2.178093922651934,4.37,0.0,
CW,map_v1/CW/outer,325,2.1930662983425417,4.37,0.0,
CW,map_v1/CW/outer,326,2.2080386740331495,4.37,0.0,
CW,map_v1/CW/outer,327,2.223011049723757,4.37,0.0,
CW,map_v1/CW/outer,328,2.237983425414365,4.37,0.0,
CW,map_v1/CW/outer,329,2.2529558011049726,4.37,0.0,
CW,map_v1/CW/outer,330,2.2679281767955803,4.37,0.0,
CW,map_v1/CW/outer,331,2.282900552486188,4.37,0.0,
CW,map_v1/CW/outer,332,2.297872928176796,4.37,0.0,
CW,map_v1/CW/outer,333,2.3128453038674035,4.37,0.0,
CW,map_v1/CW/outer,334,2.327817679558011,4.37,0.0,
CW,map_v1/CW/outer,335,2.342790055248619,4.37,0.0,
CW,map_v1/CW/outer,336,2.3577624309392267,4.37,0.0,
CW,map_v1/CW/outer,337,2.3727348066298344,4.37,0.0,
CW,map_v1/CW/outer,338,2.387707182320442,4.37,0.0,
CW,map_v1/CW/outer,339,2.40267955801105,4.37,0.0,
CW,map_v1/CW/outer,340,2.4176519337016575,4.37,0.0,
CW,map_v1/CW/outer,341,2.4326243093922653,4.37,0.0,
CW,map_v1/CW/outer,342,2.447596685082873,4.37,0.0,
CW,map_v1/CW/outer,343,2.4625690607734807,4.37,0.0,
CW,map_v1/CW/outer,344,2.4775414364640884,4.37,0.0,
CW,map_v1/CW/outer,345,2.492513812154696,4.37,0.0,
CW,map_v1/CW/outer,346,2.507486187845304,4.37,0.0,
CW,map_v1/CW/outer,347,2.5224585635359116,4.37,0.0,
CW,map_v1/CW/outer,348,2.5374309392265193,4.37,0.0,
CW,map_v1/CW/outer,349,2.552403314917127,4.37,0.0,
CW,map_v1/CW/outer,350,2.5673756906077347,4.37,0.0,
CW,map_v1/CW/outer,351,2.5823480662983425,4.37,0.0,
CW,map_v1/CW/outer,352,2.59732044198895,4.37,0.0,
CW,map_v1/CW/outer,353,2.612292817679558,4.37,0.0,
CW,map_v1/CW/outer,354,2.6272651933701656,4.37,0.0,
CW,map_v1/CW/outer,355,2.6422375690607733,4.37,0.0,
CW,map_v1/CW/outer,356,2.657209944751381,4.37,0.0,
CW,map_v1/CW/outer,357,2.672182320441989,4.37,0.0,
CW,map_v1/CW/outer,358,2.6871546961325965,4.37,0.0,
CW,map_v1/CW/outer,359,2.702127071823204,4.37,0.0,
CW,map_v1/CW/outer,360,2.717099447513812,4.37,0.0,
CW,map_v1/CW/outer,361,2.7320718232044197,4.37,0.0,
CW,map_v1/CW/outer,362,2.747044198895028,4.37,0.0,
CW,map_v1/CW/outer,363,2.7620165745856355,4.37,0.0,
CW,map_v1/CW/outer,364,2.776988950276243,4.37,0.0,
CW,map_v1/CW/outer,365,2.7919613259668505,4.37,0.0,
CW,map_v1/CW/outer,366,2.8069337016574583,4.37,0.0,
CW,map_v1/CW/outer,367,2.821906077348066,4.37,0.0,
CW,map_v1/CW/outer,368,2.8368784530386737,4.37,0.0,
CW,map_v1/CW/outer,369,2.8518508287292814,4.37,0.0,
CW,map_v1/CW/outer,370,2.8668232044198896,4.37,0.0,
CW,map_v1/CW/outer,371,2.8817955801104973,4.37,0.0,
CW,map_v1/CW/outer,372,2.896767955801105,4.37,0.0,
CW,map_v1/CW/outer,373,2.9117403314917127,4.37,0.0,
CW,map_v1/CW/outer,374,2.9267127071823205,4.37,0.0,
CW,map_v1/CW/outer,375,2.941685082872928,4.37,0.0,
CW,map_v1/CW/outer,376,2.956657458563536,4.37,0.0,
CW,map_v1/CW/outer,377,2.971629834254144,4.37,0.0,
CW,map_v1/CW/outer,378,2.986602209944752,4.37,0.0,
CW,map_v1/CW/outer,379,3.0015745856353595,4.37,0.0,
CW,map_v1/CW/outer,380,3.016546961325967,4.37,0.0,
CW,map_v1/CW/outer,381,3.0315193370165745,4.37,0.0,
CW,map_v1/CW/outer,382,3.046491712707182,4.37,0.0,
CW,map_v1/CW/outer,383,3.06146408839779,4.37,0.0,
CW,map_v1/CW/outer,384,3.0764364640883977,4.37,0.0,
CW,map_v1/CW/outer,385,3.091408839779006,4.37,0.0,
CW,map_v1/CW/outer,386,3.1063812154696135,4.37,0.0,
CW,map_v1/CW/outer,387,3.1213535911602213,4.37,0.0,
CW,map_v1/CW/outer,388,3.136325966850829,4.37,0.0,
CW,map_v1/CW/outer,389,3.1512983425414363,4.37,0.0,
CW,map_v1/CW/outer,390,3.166270718232044,4.37,0.0,
CW,map_v1/CW/outer,391,3.1812430939226517,4.37,0.0,
CW,map_v1/CW/outer,392,3.1962154696132594,4.37,0.0,
CW,map_v1/CW/outer,393,3.2111878453038676,4.37,0.0,
CW,map_v1/CW/outer,394,3.2261602209944753,4.37,0.0,
CW,map_v1/CW/outer,395,3.241132596685083,4.37,0.0,
CW,map_v1/CW/outer,396,3.2561049723756907,4.37,0.0,
CW,map_v1/CW/outer,397,3.2710773480662985,4.37,0.0,
CW,map_v1/CW/outer,398,3.286049723756906,4.37,0.0,
CW,map_v1/CW/outer,399,3.301022099447514,4.37,0.0,
CW,map_v1/CW/outer,400,3.3159944751381216,4.37,0.0,
CW,map_v1/CW/outer,401,3.3309668508287293,4.37,0.0,
CW,map_v1/CW/outer,402,3.345939226519337,4.37,0.0,
CW,map_v1/CW/outer,403,3.360911602209945,4.37,0.0,
CW,map_v1/CW/outer,404,3.3758839779005525,4.37,0.0,
CW,map_v1/CW/outer,405,3.39085635359116,4.37,0.0,
CW,map_v1/CW/outer,406,3.405828729281768,4.37,0.0,
CW,map_v1/CW/outer,407,3.4208011049723757,4.37,0.0,
CW,map_v1/CW/outer,408,3.4357734806629834,4.37,0.0,
CW,map_v1/CW/outer,409,3.450745856353591,4.37,0.0,
CW,map_v1/CW/outer,410,3.465718232044199,4.37,0.0,
CW,map_v1/CW/outer,411,3.4806906077348065,4.37,0.0,
CW,map_v1/CW/outer,412,3.4956629834254143,4.37,0.0,
CW,map_v1/CW/outer,413,3.510635359116022,4.37,0.0,
CW,map_v1/CW/outer,414,3.5256077348066297,4.37,0.0,
CW,map_v1/CW/outer,415,3.5405801104972374,4.37,0.0,
CW,map_v1/CW/outer,416,3.555552486187845,4.37,0.0,
CW,map_v1/CW/outer,417,3.5705248618784533,4.37,0.0,
CW,map_v1/CW/outer,418,3.585497237569061,4.37,0.0,
CW,map_v1/CW/outer,419,3.6004696132596687,4.37,0.0,
CW,map_v1/CW/outer,420,3.615441988950276,4.37,0.0,
CW,map_v1/CW/outer,421,3.6304143646408837,4.37,0.0,
CW,map_v1/CW/outer,422,3.6453867403314915,4.37,0.0,
CW,map_v1/CW/outer,423,3.660359116022099,4.37,0.0,
CW,map_v1/CW/outer,424,3.675331491712707,4.37,0.0,
CW,map_v1/CW/outer,425,3.690303867403315,4.37,0.0,
CW,map_v1/CW/outer,426,3.705276243093923,4.37,0.0,
CW,map_v1/CW/outer,427,3.7202486187845305,4.37,0.0,
CW,map_v1/CW/outer,428,3.7352209944751382,4.37,0.0,
CW,map_v1/CW/outer,429,3.750193370165746,4.37,0.0,
CW,map_v1/CW/outer,430,3.7651657458563537,4.37,0.0,
CW,map_v1/CW/outer,431,3.7801381215469614,4.37,0.0,
CW,map_v1/CW/outer,432,3.795110497237569,4.37,0.0,
CW,map_v1/CW/outer,433,3.810082872928177,4.37,0.0,
CW,map_v1/CW/outer,434,3.8250552486187845,4.37,0.0,
CW,map_v1/CW/outer,435,3.8400276243093923,4.37,0.0,
CW,map_v1/CW/outer,436,3.855,4.37,0.0,
CW,map_v1/CW/outer,437,3.869680677379966,4.369749319617455,-0.03414774623467176,
CW,map_v1/CW/outer,438,3.8843442377468085,4.368997570751932,-0.0682954924693433,
CW,map_v1/CW/outer,439,3.8989735840450748,4.367745629908981,-0.10244323870401506,
CW,map_v1/CW/outer,440,3.913551659111386,4.365994956795622,-0.1365909849386866,
CW,map_v1/CW/outer,441,3.9280614655623265,4.363747592618394,-0.17073873117335836,
CW,map_v1/CW/outer,442,3.9424860856126327,4.3610061577033985,-0.2048864774080299,
CW,map_v1/CW/outer,443,3.956808700800572,4.357773848441115,-0.2390342236427017,
CW,map_v1/CW/outer,444,3.9710126115975206,4.354054433559554,-0.2731819698773732,
CW,map_v1/CW/outer,445,3.9850812568788627,4.349852249730089,-0.30732971611204496,
CW,map_v1/CW/outer,446,3.9989982332335243,4.3451721965110925,-0.3414774623467167,
CW,map_v1/CW/outer,447,4.012747314089614,4.340019730635269,-0.37562520858138826,
CW,map_v1/CW/outer,448,4.026312468633884,4.334400859647345,-0.40977295481606,
CW,map_v1/CW/outer,449,4.039677880502936,4.328322134899549,-0.44392070105073156,
CW,map_v1/CW/outer,450,4.052827966224395,4.321790643913022,-0.4780684472854033,
CW,map_v1/CW/outer,451,4.065747393386547,4.314814002114083,-0.5122161935200751,
CW,map_v1/CW/outer,452,4.0784210985152365,4.30740034395499,-0.5463639397547466,
CW,map_v1/CW/outer,453,4.090834304637207,4.299558313429525,-0.5805116859894184,
CW,map_v1/CW/outer,454,4.102972538509393,4.29129705399449,-0.6146594322240899,
CW,map_v1/CW/outer,455,4.114821647494071,4.282626197908839,-0.6488071784587616,
CW,map_v1/CW/outer,456,4.126367816060203,4.2735558550029005,-0.6829549246934333,
CW,map_v1/CW/outer,457,4.137597581891728,4.264096600890765,-0.717102670928105,
CW,map_v1/CW/outer,458,4.148497851584021,4.254259464639594,-0.7512504171627765,
CW,map_v1/CW/outer,459,4.159055915910216,4.244055915910216,-0.7853981633974483,
CW,map_v1/CW/outer,460,4.169259464639594,4.233497851584021,-0.8195459096321199,
CW,map_v1/CW/outer,461,4.179096600890765,4.222597581891728,-0.8536936558667918,
CW,map_v1/CW/outer,462,4.1885558550029005,4.211367816060203,-0.8878414021014633,
CW,map_v1/CW/outer,463,4.197626197908839,4.199821647494071,-0.9219891483361349,
CW,map_v1/CW/outer,464,4.20629705399449,4.187972538509393,-0.9561368945708065,
CW,map_v1/CW/outer,465,4.214558313429526,4.175834304637207,-0.9902846408054783,
CW,map_v1/CW/outer,466,4.22240034395499,4.1634210985152365,-1.02443238704015,
CW,map_v1/CW/outer,467,4.229814002114083,4.150747393386547,-1.0585801332748215,
CW,map_v1/CW/outer,468,4.236790643913022,4.137827966224395,-1.0927278795094932,
CW,map_v1/CW/outer,469,4.243322134899549,4.124677880502935,-1.126875625744165,
CW,map_v1/CW/outer,470,4.249400859647345,4.1113124686338836,-1.1610233719788368,
CW,map_v1/CW/outer,471,4.255019730635269,4.097747314089614,-1.1951711182135083,
CW,map_v1/CW/outer,472,4.260172196511093,4.083998233233524,-1.2293188644481798,
CW,map_v1/CW/outer,473,4.264852249730089,4.070081256878862,-1.2634666106828516,
CW,map_v1/CW/outer,474,4.269054433559553,4.05601261159752,-1.2976143569175231,
CW,map_v1/CW/outer,475,4.272773848441115,4.041808700800572,-1.331762103152195,
CW,map_v1/CW/outer,476,4.2760061577033985,4.027486085612632,-1.3659098493868667,
CW,map_v1/CW/outer,477,4.278747592618394,4.013061465562327,-1.4000575956215382,
CW,map_v1/CW/outer,478,4.280994956795622,3.998551659111386,-1.43420534185621,
CW,map_v1/CW/outer,479,4.282745629908981,3.9839735840450747,-1.4683530880908815,
CW,map_v1/CW/outer,480,4.283997570751932,3.9693442377468084,-1.502500834325553,
CW,map_v1/CW/outer,481,4.284749319617455,3.954680677379966,-1.536648580560225,
CW,map_v1/CW/outer,482,4.285,3.94,-1.5707963267948966,NE
CW,map_v1/CW/outer,483,4.285,3.925,-1.5707963267948966,
CW,map_v1/CW/outer,484,4.285,3.91,-1.5707963267948966,
CW,map_v1/CW/outer,485,4.285,3.895,-1.5707963267948966,
CW,map_v1/CW/outer,486,4.285,3.88,-1.5707963267948966,
CW,map_v1/CW/outer,487,4.285,3.865,-1.5707963267948966,
CW,map_v1/CW/outer,488,4.285,3.85,-1.5707963267948966,
CW,map_v1/CW/outer,489,4.285,3.835,-1.5707963267948966,
CW,map_v1/CW/outer,490,4.285,3.8200000000000003,-1.5707963267948966,
CW,map_v1/CW/outer,491,4.285,3.805,-1.5707963267948966,
CW,map_v1/CW/outer,492,4.285,3.79,-1.5707963267948966,
CW,map_v1/CW/outer,493,4.285,3.7750000000000004,-1.5707963267948966,
CW,map_v1/CW/outer,494,4.285,3.7600000000000002,-1.5707963267948966,
CW,map_v1/CW/outer,495,4.285,3.745,-1.5707963267948966,
CW,map_v1/CW/outer,496,4.285,3.7300000000000004,-1.5707963267948966,
CW,map_v1/CW/outer,497,4.285,3.7150000000000003,-1.5707963267948966,
CW,map_v1/CW/outer,498,4.285,3.7,-1.5707963267948966,
CW,map_v1/CW/outer,499,4.285,3.6850000000000005,-1.5707963267948966,
CW,map_v1/CW/outer,500,4.285,3.6700000000000004,-1.5707963267948966,
CW,map_v1/CW/outer,501,4.285,3.6550000000000002,-1.5707963267948966,
CW,map_v1/CW/outer,502,4.285,3.6400000000000006,-1.5707963267948966,
CW,map_v1/CW/outer,503,4.285,3.6250000000000004,-1.5707963267948966,
CW,map_v1/CW/outer,504,4.285,3.6100000000000003,-1.5707963267948966,
CW,map_v1/CW/outer,505,4.285,3.5950000000000006,-1.5707963267948966,
CW,map_v1/CW/outer,506,4.285,3.5800000000000005,-1.5707963267948966,
CW,map_v1/CW/outer,507,4.284749319617455,3.5653193226200344,-1.6049440730295683,
CW,map_v1/CW/outer,508,4.283997570751932,3.550655762253192,-1.6390918192642399,
CW,map_v1/CW/outer,509,4.282745629908981,3.5360264159549257,-1.6732395654989116,
CW,map_v1/CW/outer,510,4.280994956795622,3.5214483408886146,-1.7073873117335832,
CW,map_v1/CW/outer,511,4.278747592618394,3.506938534437674,-1.741535057968255,
CW,map_v1/CW/outer,512,4.2760061577033985,3.492513914387368,-1.7756828042029265,
CW,map_v1/CW/outer,513,4.272773848441115,3.4781912991994286,-1.8098305504375982,
CW,map_v1/CW/outer,514,4.269054433559553,3.46398738840248,-1.8439782966722698,
CW,map_v1/CW/outer,515,4.264852249730089,3.4499187431211378,-1.8781260429069415,
CW,map_v1/CW/outer,516,4.260172196511093,3.4360017667664766,-1.9122737891416133,
CW,map_v1/CW/outer,517,4.255019730635269,3.422252685910386,-1.9464215353762848,
CW,map_v1/CW/outer,518,4.249400859647345,3.4086875313661165,-1.9805692816109566,
CW,map_v1/CW/outer,519,4.243322134899549,3.3953221194970653,-2.014717027845628,
CW,map_v1/CW/outer,520,4.236790643913022,3.382172033775605,-2.0488647740803,
CW,map_v1/CW/outer,521,4.229814002114083,3.369252606613453,-2.0830125203149716,
CW,map_v1/CW/outer,522,4.22240034395499,3.356578901484764,-2.117160266549643,
CW,map_v1/CW/outer,523,4.214558313429526,3.3441656953627934,-2.151308012784315,
CW,map_v1/CW/outer,524,4.20629705399449,3.3320274614906076,-2.1854557590189865,
CW,map_v1/CW/outer,525,4.197626197908839,3.3201783525059296,-2.2196035052536582,
CW,map_v1/CW/outer,526,4.1885558550029005,3.308632183939798,-2.25375125148833,
CW,map_v1/CW/outer,527,4.179096600890765,3.2974024181082724,-2.2878989977230013,
CW,map_v1/CW/outer,528,4.169259464639594,3.286502148415979,-2.322046743957673,
CW,map_v1/CW/outer,529,4.159055915910216,3.275944084089785,-2.356194490192345,
CW,map_v1/CW/outer,530,4.148497851584021,3.265740535360407,-2.3903422364270166,
CW,map_v1/CW/outer,531,4.137597581891728,3.255903399109235,-2.4244899826616884,
CW,map_v1/CW/outer,532,4.126367816060203,3.2464441449971,-2.4586377288963597,
CW,map_v1/CW/outer,533,4.114821647494071,3.2373738020911613,-2.4927854751310314,
CW,map_v1/CW/outer,534,4.102972538509393,3.2287029460055106,-2.526933221365703,
CW,map_v1/CW/outer,535,4.090834304637207,3.220441686570475,-2.561080967600375,
CW,map_v1/CW/outer,536,4.0784210985152365,3.2125996560450103,-2.5952287138350467,
CW,map_v1/CW/outer,537,4.065747393386547,3.2051859978859176,-2.629376460069718,
CW,map_v1/CW/outer,538,4.052827966224395,3.1982093560869793,-2.66352420630439,
CW,map_v1/CW/outer,539,4.039677880502936,3.191677865100451,-2.6976719525390616,
CW,map_v1/CW/outer,540,4.026312468633884,3.1855991403526556,-2.7318196987737333,
CW,map_v1/CW/outer,541,4.012747314089614,3.1799802693647323,-2.765967445008405,
CW,map_v1/CW/outer,542,3.9989982332335243,3.174827803488908,-2.8001151912430764,
CW,map_v1/CW/outer,543,3.9850812568788627,3.170147750269911,-2.834262937477748,
CW,map_v1/CW/outer,544,3.9710126115975206,3.165945566440447,-2.86841068371242,
CW,map_v1/CW/outer,545,3.956808700800572,3.162226151558886,-2.9025584299470912,
CW,map_v1/CW/outer,546,3.9424860856126327,3.1589938422966015,-2.9367061761817634,
CW,map_v1/CW/outer,547,3.9280614655623265,3.156252407381606,-2.9708539224164348,
CW,map_v1/CW/outer,548,3.913551659111386,3.1540050432043785,-3.0050016686511065,
CW,map_v1/CW/outer,549,3.8989735840450748,3.1522543700910197,-3.0391494148857783,
CW,map_v1/CW/outer,550,3.8843442377468085,3.1510024292480687,-3.0732971611204496,
CW,map_v1/CW/outer,551,3.869680677379966,3.1502506803825456,-3.107444907355122,
CW,map_v1/CW/outer,552,3.855,3.1500000000000004,-3.141592653589793,SE
CW,map_v1/CW/outer,553,3.84,3.1500000000000004,3.141592653589793,
CW,map_v1/CW/outer,554,3.825,3.1500000000000004,3.141592653589793,
CW,map_v1/CW/outer,555,3.81,3.1500000000000004,3.141592653589793,
CW,map_v1/CW/outer,556,3.795,3.1500000000000004,3.141592653589793,
CW,map_v1/CW/outer,557,3.78,3.1500000000000004,3.141592653589793,
CW,map_v1/CW/outer,558,3.765,3.1500000000000004,3.141592653589793,
CW,map_v1/CW/outer,559,3.75,3.1500000000000004,3.141592653589793,
CW,map_v1/CW/outer,560,3.735,3.1500000000000004,3.141592653589793,
CW,map_v1/CW/outer,561,3.72,3.1500000000000004,3.141592653589793,
CW,map_v1/CW/outer,562,3.705,3.1500000000000004,3.141592653589793,
CW,map_v1/CW/outer,563,3.69,3.1500000000000004,3.141592653589793,
CW,map_v1/CW/outer,564,3.675,3.1500000000000004,3.141592653589793,
CW,map_v1/CW/outer,565,3.66,3.1500000000000004,3.141592653589793,
CW,map_v1/CW/outer,566,3.645,3.1500000000000004,3.141592653589793,
CW,map_v1/CW/outer,567,3.63,3.1500000000000004,3.141592653589793,
CW,map_v1/CW/outer,568,3.615,3.1500000000000004,3.141592653589793,
CW,map_v1/CW/outer,569,3.6,3.1500000000000004,3.141592653589793,
CW,map_v1/CW/outer,570,3.585,3.1500000000000004,3.141592653589793,
CW,map_v1/CW/outer,571,3.57,3.1500000000000004,3.141592653589793,
CW,map_v1/CW/outer,572,3.555,3.1500000000000004,3.141592653589793,
CW,map_v1/CW/outer,573,3.54,3.1500000000000004,3.141592653589793,
CW,map_v1/CW/outer,574,3.525,3.1500000000000004,3.141592653589793,
CW,map_v1/CW/outer,575,3.51,3.1500000000000004,3.141592653589793,
CW,map_v1/CW/outer,576,3.495,3.1500000000000004,3.141592653589793,
CW,map_v1/CW/outer,577,3.48,3.1500000000000004,3.141592653589793,
CW,map_v1/CW/outer,578,3.465,3.1500000000000004,3.141592653589793,
CW,map_v1/CW/outer,579,3.45,3.1500000000000004,3.141592653589793,
CW,map_v1/CW/outer,580,3.435,3.1500000000000004,3.141592653589793,
CW,map_v1/CW/outer,581,3.42,3.1500000000000004,3.141592653589793,
CW,map_v1/CW/outer,582,3.4050000000000002,3.1500000000000004,3.141592653589793,
CW,map_v1/CW/outer,583,3.39,3.1500000000000004,3.141592653589793,
CW,map_v1/CW/outer,584,3.375,3.1500000000000004,3.141592653589793,
CW,map_v1/CW/outer,585,3.36,3.1500000000000004,3.141592653589793,
CW,map_v1/CW/outer,586,3.3449999999999998,3.1500000000000004,3.141592653589793,
CW,map_v1/CW/outer,587,3.33,3.1500000000000004,3.141592653589793,
CW,map_v1/CW/outer,588,3.315,3.1500000000000004,3.141592653589793,
CW,map_v1/CW/outer,589,3.3,3.1500000000000004,3.141592653589793,
CW,map_v1/CW/outer,590,3.285,3.1500000000000004,3.141592653589793,
CW,map_v1/CW/outer,591,3.27,3.1500000000000004,3.141592653589793,
CW,map_v1/CW/outer,592,3.255,3.1500000000000004,3.141592653589793,
CW,map_v1/CW/outer,593,3.24,3.1500000000000004,3.141592653589793,
CW,map_v1/CW/outer,594,3.225,3.1500000000000004,3.141592653589793,
CW,map_v1/CW/outer,595,3.21,3.1500000000000004,3.141592653589793,
CW,map_v1/CW/outer,596,3.1950000000000003,3.1500000000000004,3.141592653589793,
CW,map_v1/CW/outer,597,3.18,3.1500000000000004,3.141592653589793,
CW,map_v1/CW/outer,598,3.165,3.1500000000000004,3.141592653589793,
CW,map_v1/CW/outer,599,3.15,3.1500000000000004,3.141592653589793,
CW,map_v1/CW/outer,600,3.1350000000000002,3.1500000000000004,3.141592653589793,
CW,map_v1/CW/outer,601,3.12,3.1500000000000004,3.141592653589793,
CW,map_v1/CW/outer,602,3.105,3.1500000000000004,3.141592653589793,
CW,map_v1/CW/outer,603,3.09,3.1500000000000004,3.141592653589793,
CW,map_v1/CW/outer,604,3.075,3.1500000000000004,3.141592653589793,
CW,map_v1/CW/outer,605,3.06,3.1500000000000004,3.141592653589793,
CW,map_v1/CW/outer,606,3.045,3.1500000000000004,3.141592653589793,
CW,map_v1/CW/outer,607,3.0300000000000002,3.1500000000000004,3.141592653589793,
CW,map_v1/CW/outer,608,3.015,3.1500000000000004,3.141592653589793,
CW,map_v1/CW/outer,609,3.0,3.1500000000000004,3.141592653589793,
CW,map_v1/CW/outer,610,2.9850000000000003,3.1500000000000004,3.141592653589793,
CW,map_v1/CW/outer,611,2.97,3.1500000000000004,3.141592653589793,
CW,map_v1/CW/outer,612,2.955,3.1500000000000004,3.141592653589793,
CW,map_v1/CW/outer,613,2.9400000000000004,3.1500000000000004,3.141592653589793,
CW,map_v1/CW/outer,614,2.925,3.1500000000000004,3.141592653589793,
CW,map_v1/CW/outer,615,2.91,3.1500000000000004,3.141592653589793,
CW,map_v1/CW/outer,616,2.895,3.1500000000000004,3.141592653589793,
CW,map_v1/CW/outer,617,2.88,3.1500000000000004,3.141592653589793,
CW,map_v1/CW/outer,618,2.865,3.1500000000000004,3.141592653589793,
CW,map_v1/CW/outer,619,2.85,3.1500000000000004,3.141592653589793,C_RING_COMPLETE|RETURN_SPLIT
CW,map_v1/CW/outer,620,2.835145578881348,3.149684638171639,-3.099138698811553,
CW,map_v1/CW/outer,621,2.820317926433572,3.1487391209898847,-3.0566847440333125,
CW,map_v1/CW/outer,622,2.8055437630885924,3.147165152340607,-3.014230789255072,
CW,map_v1/CW/outer,623,2.790849712887353,3.144965568621698,-2.971776834476832,
CW,map_v1/CW/outer,624,2.776262255501496,3.1421443336316903,-2.9293228796985913,
CW,map_v1/CW/outer,625,2.7618076785152064,3.138706531426725,-2.8868689249203507,
CW,map_v1/CW/outer,626,2.7475120300532074,3.134658357158738,-2.8444149701421106,
CW,map_v1/CW/outer,627,2.73340107184028,3.1300071059113797,-2.8019610153638697,
CW,map_v1/CW/outer,628,2.719500232776892,3.1247611595537785,-2.7595070605856296,
CW,map_v1/CW/outer,629,2.705834563114603,3.118929971635848,-2.717053105807389,
CW,map_v1/CW/outer,630,2.6924286893138145,3.112524050352349,-2.6745991510291485,
CW,map_v1/CW/outer,631,2.679306769665228,3.105554939606416,-2.632145196250908,
CW,map_v1/CW/outer,632,2.666492450754969,3.0980351982066594,-2.589691241472668,
CW,map_v1/CW/outer,633,2.6540088248518416,3.089978377235345,-2.547237286694427,
CW,map_v1/CW/outer,634,2.6418783882934997,3.0813989956284296,-2.5047833319161867,
CW,map_v1/CW/outer,635,2.6301230009465253,3.072312514011454,-2.462329377137946,
CW,map_v1/CW/outer,636,2.6187638468134717,3.0627353068384537,-2.4198754223597057,
CW,map_v1/CW/outer,637,2.607821395857859,3.052684632884084,-2.3774214675814656,
CW,map_v1/CW/outer,638,2.5973153671159164,3.0421786041421415,-2.334967512803225,
CW,map_v1/CW/outer,639,2.5872646931615466,3.0312361531865286,-2.2925135580249845,
CW,map_v1/CW/outer,640,2.5776874859885464,3.019876999053475,-2.250059603246744,
CW,map_v1/CW/outer,641,2.568601004371571,3.0081216117065006,-2.2076056484685034,
CW,map_v1/CW/outer,642,2.5600216227646553,2.9959911751481587,-2.165151693690263,
CW,map_v1/CW/outer,643,2.551964801793341,2.983507549245031,-2.122697738912022,
CW,map_v1/CW/outer,644,2.5444450603935844,2.9706932303347724,-2.0802437841337826,
CW,map_v1/CW/outer,645,2.5374759496476513,2.957571310686186,-2.037789829355542,
CW,map_v1/CW/outer,646,2.5310700283641525,2.9441654368853976,-1.9953358745773013,
CW,map_v1/CW/outer,647,2.525238840446222,2.9304997672231083,-1.9528819197990608,
CW,map_v1/CW/outer,648,2.5199928940886207,2.91659892815972,-1.9104279650208202,
CW,map_v1/CW/outer,649,2.5153416428412623,2.902487969946793,-1.8679740102425797,
CW,map_v1/CW/outer,650,2.5112934685732755,2.888192321484794,-1.82552005546434,
CW,map_v1/CW/outer,651,2.50785566636831,2.8737377444985044,-1.7830661006860995,
CW,map_v1/CW/outer,652,2.505034431378302,2.8591502871126475,-1.740612145907859,
CW,map_v1/CW/outer,653,2.5028348476593933,2.844456236911408,-1.6981581911296184,
CW,map_v1/CW/outer,654,2.5012608790101156,2.8296820735664285,-1.6557042363513779,
CW,map_v1/CW/outer,655,2.5003153618283616,2.8148544211186524,-1.6132502815731373,
CW,map_v1/CW/outer,656,2.5,2.8000000000000003,-1.5707963267948968,
CW,map_v1/CW/outer,657,2.5,2.785714285714286,-1.5707963267948966,
CW,map_v1/CW/outer,658,2.5,2.771428571428572,-1.5707963267948966,
CW,map_v1/CW/outer,659,2.5,2.7571428571428576,-1.5707963267948966,
CW,map_v1/CW/outer,660,2.5,2.742857142857143,-1.5707963267948966,
CW,map_v1/CW/outer,661,2.5,2.7285714285714286,-1.5707963267948966,
CW,map_v1/CW/outer,662,2.5,2.7142857142857144,-1.5707963267948966,
CW,map_v1/CW/outer,663,2.5,2.7,-1.5707963267948966,
CW,map_v1/CW/outer,664,2.5,2.685714285714286,-1.5707963267948966,
CW,map_v1/CW/outer,665,2.5,2.6714285714285717,-1.5707963267948966,
CW,map_v1/CW/outer,666,2.5,2.6571428571428575,-1.5707963267948966,
CW,map_v1/CW/outer,667,2.5,2.642857142857143,-1.5707963267948966,
CW,map_v1/CW/outer,668,2.5,2.6285714285714286,-1.5707963267948966,
CW,map_v1/CW/outer,669,2.5,2.6142857142857143,-1.5707963267948966,
CW,map_v1/CW/outer,670,2.5,2.6,-1.5707963267948966,
CW,map_v1/CW/outer,671,2.5,2.585714285714286,-1.5707963267948966,
CW,map_v1/CW/outer,672,2.5,2.5714285714285716,-1.5707963267948966,
CW,map_v1/CW/outer,673,2.5,2.5571428571428574,-1.5707963267948966,
CW,map_v1/CW/outer,674,2.5,2.5428571428571427,-1.5707963267948966,
CW,map_v1/CW/outer,675,2.5,2.5285714285714285,-1.5707963267948966,
CW,map_v1/CW/outer,676,2.5,2.5142857142857142,-1.5707963267948966,
CW,map_v1/CW/outer,677,2.5,2.5,-1.5707963267948966,GATE_OUT
CCW,map_v1/CCW/inner,0,2.5,2.3,1.5707963267948966,GATE_BEGIN
CCW,map_v1/CCW/inner,1,2.5,2.314285714285714,1.5707963267948966,
CCW,map_v1/CCW/inner,2,2.5,2.3285714285714283,1.5707963267948966,
CCW,map_v1/CCW/inner,3,2.5,2.3428571428571425,1.5707963267948966,
CCW,map_v1/CCW/inner,4,2.5,2.357142857142857,1.5707963267948966,
CCW,map_v1/CCW/inner,5,2.5,2.3714285714285714,1.5707963267948966,
CCW,map_v1/CCW/inner,6,2.5,2.3857142857142857,1.5707963267948966,
CCW,map_v1/CCW/inner,7,2.5,2.4,1.5707963267948966,
CCW,map_v1/CCW/inner,8,2.5,2.414285714285714,1.5707963267948966,
CCW,map_v1/CCW/inner,9,2.5,2.4285714285714284,1.5707963267948966,
CCW,map_v1/CCW/inner,10,2.5,2.4428571428571426,1.5707963267948966,
CCW,map_v1/CCW/inner,11,2.5,2.4571428571428573,1.5707963267948966,
CCW,map_v1/CCW/inner,12,2.5,2.4714285714285715,1.5707963267948966,
CCW,map_v1/CCW/inner,13,2.5,2.4857142857142858,1.5707963267948966,
CCW,map_v1/CCW/inner,14,2.5,2.5,1.5707963267948966,GATE
CCW,map_v1/CCW/inner,15,2.5,2.515,1.5707963267948966,
CCW,map_v1/CCW/inner,16,2.5,2.53,1.5707963267948966,
CCW,map_v1/CCW/inner,17,2.5,2.545,1.5707963267948966,
CCW,map_v1/CCW/inner,18,2.5,2.56,1.5707963267948966,
CCW,map_v1/CCW/inner,19,2.5,2.575,1.5707963267948966,
CCW,map_v1/CCW/inner,20,2.5,2.59,1.5707963267948966,
CCW,map_v1/CCW/inner,21,2.5,2.605,1.5707963267948966,
CCW,map_v1/CCW/inner,22,2.5,2.62,1.5707963267948966,
CCW,map_v1/CCW/inner,23,2.5,2.635,1.5707963267948966,
CCW,map_v1/CCW/inner,24,2.5,2.65,1.5707963267948966,
CCW,map_v1/CCW/inner,25,2.5,2.665,1.5707963267948966,
CCW,map_v1/CCW/inner,26,2.5,2.6799999999999997,1.5707963267948966,
CCW,map_v1/CCW/inner,27,2.5,2.695,1.5707963267948966,
CCW,map_v1/CCW/inner,28,2.5,2.71,1.5707963267948966,
CCW,map_v1/CCW/inner,29,2.5,2.725,1.5707963267948966,
CCW,map_v1/CCW/inner,30,2.5,2.7399999999999998,1.5707963267948966,
CCW,map_v1/CCW/inner,31,2.5,2.755,1.5707963267948966,
CCW,map_v1/CCW/inner,32,2.5,2.77,1.5707963267948966,
CCW,map_v1/CCW/inner,33,2.5,2.7849999999999997,1.5707963267948966,
CCW,map_v1/CCW/inner,34,2.5,2.8,1.5707963267948966,
CCW,map_v1/CCW/inner,35,2.5,2.815,1.5707963267948966,
CCW,map_v1/CCW/inner,36,2.5,2.83,1.5707963267948966,
CCW,map_v1/CCW/inner,37,2.5,2.8449999999999998,1.5707963267948966,
CCW,map_v1/CCW/inner,38,2.5,2.86,1.5707963267948966,TURN_ENTRY
CCW,map_v1/CCW/inner,39,2.5003153618283616,2.874854421118652,1.528342372016656,
CCW,map_v1/CCW/inner,40,2.5012608790101156,2.889682073566428,1.4858884172384155,
CCW,map_v1/CCW/inner,41,2.5028348476593933,2.9044562369114075,1.4434344624601754,
CCW,map_v1/CCW/inner,42,2.505034431378302,2.919150287112647,1.4009805076819348,
CCW,map_v1/CCW/inner,43,2.50785566636831,2.933737744498504,1.3585265529036943,
CCW,map_v1/CCW/inner,44,2.5112934685732755,2.9481923214847936,1.3160725981254537,
CCW,map_v1/CCW/inner,45,2.5153416428412623,2.9624879699467925,1.2736186433472136,
CCW,map_v1/CCW/inner,46,2.5199928940886207,2.97659892815972,1.231164688568973,
CCW,map_v1/CCW/inner,47,2.525238840446222,2.990499767223108,1.1887107337907326,
CCW,map_v1/CCW/inner,48,2.5310700283641525,3.004165436885397,1.146256779012492,
CCW,map_v1/CCW/inner,49,2.5374759496476513,3.0175713106861854,1.1038028242342515,
CCW,map_v1/CCW/inner,50,2.5444450603935844,3.030693230334772,1.061348869456011,
CCW,map_v1/CCW/inner,51,2.551964801793341,3.0435075492450308,1.0188949146777708,
CCW,map_v1/CCW/inner,52,2.5600216227646553,3.0559911751481583,0.9764409598995303,
CCW,map_v1/CCW/inner,53,2.568601004371571,3.0681216117065,0.9339870051212897,
CCW,map_v1/CCW/inner,54,2.5776874859885464,3.0798769990534747,0.8915330503430496,
CCW,map_v1/CCW/inner,55,2.5872646931615466,3.0912361531865282,0.8490790955648091,
CCW,map_v1/CCW/inner,56,2.5973153671159164,3.102178604142141,0.8066251407865686,
CCW,map_v1/CCW/inner,57,2.607821395857859,3.1126846328840836,0.764171186008328,
CCW,map_v1/CCW/inner,58,2.6187638468134717,3.1227353068384534,0.7217172312300875,
CCW,map_v1/CCW/inner,59,2.6301230009465253,3.1323125140114536,0.679263276451847,
CCW,map_v1/CCW/inner,60,2.6418783882934997,3.141398995628429,0.6368093216736068,
CCW,map_v1/CCW/inner,61,2.6540088248518416,3.1499783772353447,0.5943553668953662,
CCW,map_v1/CCW/inner,62,2.666492450754969,3.158035198206659,0.5519014121171256,
CCW,map_v1/CCW/inner,63,2.679306769665228,3.1655549396064155,0.5094474573388856,
CCW,map_v1/CCW/inner,64,2.6924286893138145,3.1725240503523486,0.46699350256064515,
CCW,map_v1/CCW/inner,65,2.705834563114603,3.1789299716358475,0.42453954778240455,
CCW,map_v1/CCW/inner,66,2.719500232776892,3.184761159553778,0.382085593004164,
CCW,map_v1/CCW/inner,67,2.73340107184028,3.1900071059113793,0.33963163822592346,
CCW,map_v1/CCW/inner,68,2.7475120300532074,3.1946583571587377,0.29717768344768314,
CCW,map_v1/CCW/inner,69,2.7618076785152064,3.1987065314267245,0.2547237286694428,
CCW,map_v1/CCW/inner,70,2.776262255501496,3.20214433363169,0.21226977389120227,
CCW,map_v1/CCW/inner,71,2.790849712887353,3.204965568621698,0.16981581911296173,
CCW,map_v1/CCW/inner,72,2.8055437630885924,3.2071651523406066,0.1273618643347212,
CCW,map_v1/CCW/inner,73,2.820317926433572,3.2087391209898843,0.08490790955648087,
CCW,map_v1/CCW/inner,74,2.835145578881348,3.2096846381716384,0.042453954778240544,
CCW,map_v1/CCW/inner,75,2.85,3.21,0.0,SPLIT|C_RING_ENTRY
CCW,map_v1/CCW/inner,76,2.865,3.21,0.0,
CCW,map_v1/CCW/inner,77,2.88,3.21,0.0,
CCW,map_v1/CCW/inner,78,2.895,3.21,0.0,
CCW,map_v1/CCW/inner,79,2.91,3.21,0.0,
CCW,map_v1/CCW/inner,80,2.925,3.21,0.0,
CCW,map_v1/CCW/inner,81,2.94,3.21,0.0,
CCW,map_v1/CCW/inner,82,2.955,3.21,0.0,
CCW,map_v1/CCW/inner,83,2.97,3.21,0.0,
CCW,map_v1/CCW/inner,84,2.985,3.21,0.0,
CCW,map_v1/CCW/inner,85,3.0,3.21,0.0,
CCW,map_v1/CCW/inner,86,3.015,3.21,0.0,
CCW,map_v1/CCW/inner,87,3.03,3.21,0.0,
CCW,map_v1/CCW/inner,88,3.045,3.21,0.0,
CCW,map_v1/CCW/inner,89,3.06,3.21,0.0,
CCW,map_v1/CCW/inner,90,3.075,3.21,0.0,
CCW,map_v1/CCW/inner,91,3.09,3.21,0.0,
CCW,map_v1/CCW/inner,92,3.105,3.21,0.0,
CCW,map_v1/CCW/inner,93,3.12,3.21,0.0,
CCW,map_v1/CCW/inner,94,3.135,3.21,0.0,
CCW,map_v1/CCW/inner,95,3.15,3.21,0.0,
CCW,map_v1/CCW/inner,96,3.165,3.21,0.0,
CCW,map_v1/CCW/inner,97,3.1799999999999997,3.21,0.0,
CCW,map_v1/CCW/inner,98,3.195,3.21,0.0,
CCW,map_v1/CCW/inner,99,3.21,3.21,0.0,
CCW,map_v1/CCW/inner,100,3.225,3.21,0.0,
CCW,map_v1/CCW/inner,101,3.2399999999999998,3.21,0.0,
CCW,map_v1/CCW/inner,102,3.255,3.21,0.0,
CCW,map_v1/CCW/inner,103,3.27,3.21,0.0,
CCW,map_v1/CCW/inner,104,3.2849999999999997,3.21,0.0,
CCW,map_v1/CCW/inner,105,3.3,3.21,0.0,
CCW,map_v1/CCW/inner,106,3.315,3.21,0.0,
CCW,map_v1/CCW/inner,107,3.3299999999999996,3.21,0.0,
CCW,map_v1/CCW/inner,108,3.3449999999999998,3.21,0.0,
CCW,map_v1/CCW/inner,109,3.36,3.21,0.0,
CCW,map_v1/CCW/inner,110,3.375,3.21,0.0,
CCW,map_v1/CCW/inner,111,3.3899999999999997,3.21,0.0,
CCW,map_v1/CCW/inner,112,3.405,3.21,0.0,
CCW,map_v1/CCW/inner,113,3.42,3.21,0.0,
CCW,map_v1/CCW/inner,114,3.4349999999999996,3.21,0.0,
CCW,map_v1/CCW/inner,115,3.4499999999999997,3.21,0.0,
CCW,map_v1/CCW/inner,116,3.465,3.21,0.0,
CCW,map_v1/CCW/inner,117,3.4799999999999995,3.21,0.0,
CCW,map_v1/CCW/inner,118,3.4949999999999997,3.21,0.0,
CCW,map_v1/CCW/inner,119,3.51,3.21,0.0,
CCW,map_v1/CCW/inner,120,3.525,3.21,0.0,
CCW,map_v1/CCW/inner,121,3.5399999999999996,3.21,0.0,
CCW,map_v1/CCW/inner,122,3.5549999999999997,3.21,0.0,
CCW,map_v1/CCW/inner,123,3.5699999999999994,3.21,0.0,
CCW,map_v1/CCW/inner,124,3.585,3.21,0.0,
CCW,map_v1/CCW/inner,125,3.5999999999999996,3.21,0.0,
CCW,map_v1/CCW/inner,126,3.6149999999999998,3.21,0.0,
CCW,map_v1/CCW/inner,127,3.63,3.21,0.0,
CCW,map_v1/CCW/inner,128,3.6449999999999996,3.21,0.0,
CCW,map_v1/CCW/inner,129,3.6599999999999997,3.21,0.0,
CCW,map_v1/CCW/inner,130,3.675,3.21,0.0,
CCW,map_v1/CCW/inner,131,3.6899999999999995,3.21,0.0,
CCW,map_v1/CCW/inner,132,3.7049999999999996,3.21,0.0,
CCW,map_v1/CCW/inner,133,3.7199999999999998,3.21,0.0,
CCW,map_v1/CCW/inner,134,3.7349999999999994,3.21,0.0,
CCW,map_v1/CCW/inner,135,3.7499999999999996,3.21,0.0,
CCW,map_v1/CCW/inner,136,3.7649999999999997,3.21,0.0,
CCW,map_v1/CCW/inner,137,3.7799999999999994,3.21,0.0,
CCW,map_v1/CCW/inner,138,3.7949999999999995,3.21,0.0,
CCW,map_v1/CCW/inner,139,3.8099999999999996,3.21,0.0,
CCW,map_v1/CCW/inner,140,3.8249999999999997,3.21,0.0,
CCW,map_v1/CCW/inner,141,3.8399999999999994,3.21,0.0,
CCW,map_v1/CCW/inner,142,3.8549999999999995,3.21,0.0,
CCW,map_v1/CCW/inner,143,3.8698983978404833,3.2103000706765195,0.040276828892176875,
CCW,map_v1/CCW/inner,144,3.884772630425188,3.211199795990342,0.08055365778435375,
CCW,map_v1/CCW/inner,145,3.899598571694469,3.2126977165837203,0.12083048667653042,
CCW,map_v1/CCW/inner,146,3.914352173917371,3.2147914028239724,0.1611073155687073,
CCW,map_v1/CCW/inner,147,3.929009506697136,3.217477458744361,0.20138414446088415,
CCW,map_v1/CCW/inner,148,3.943546795786396,3.220751527552361,0.24166097335306103,
CCW,map_v1/CCW/inner,149,3.957940461649087,3.2246082986963924,0.2819378022452379,
CCW,map_v1/CCW/inner,150,3.9721671577065445,3.229041516479556,0.32221463113741455,
CCW,map_v1/CCW/inner,151,3.9862038082057376,3.2340439902063967,0.36249146002959165,
CCW,map_v1/CCW/inner,152,4.0000276456482275,3.2396076058462353,0.4027682889217683,
CCW,map_v1/CCW/inner,153,4.0136162477191295,3.245723339194159,0.4430451178139452,
CCW,map_v1/CCW/inner,154,4.026947573656194,3.2523812705083124,0.48332194670612205,
CCW,map_v1/CCW/inner,155,4.039999999999999,3.2595706005997576,0.5235987755982989,
CCW,map_v1/CCW/inner,156,4.052752355667286,3.267279668348796,0.5638756044904758,
CCW,map_v1/CCW/inner,157,4.065183956290527,3.2754959696193473,0.6041524333826525,
CCW,map_v1/CCW/inner,158,4.077274637768052,3.2842061775407045,0.6444292622748293,
CCW,map_v1/CCW/inner,159,4.089004788970289,3.293396164123768,0.6847060911670062,
CCW,map_v1/CCW/inner,160,4.100355383549093,3.3030510231766925,0.7249829200591831,
CCW,map_v1/CCW/inner,161,4.111308010798552,3.3131550944827888,0.7652597489513598,
CCW,map_v1/CCW/inner,162,4.121844905517211,3.3236919892014485,0.8055365778435367,
CCW,map_v1/CCW/inner,163,4.131948976823307,3.334644616450906,0.8458134067357136,
CCW,map_v1/CCW/inner,164,4.141603835876232,3.3459952110297104,0.8860902356278902,
CCW,map_v1/CCW/inner,165,4.150793822459295,3.357725362231948,0.9263670645200671,
CCW,map_v1/CCW/inner,166,4.159504030380653,3.3698160437094726,0.966643893412244,
CCW,map_v1/CCW/inner,167,4.1677203316512035,3.382247644332714,1.006920722304421,
CCW,map_v1/CCW/inner,168,4.175429399400242,3.395,1.0471975511965979,
CCW,map_v1/CCW/inner,169,4.182618729491687,3.4080524263438057,1.0874743800887745,
CCW,map_v1/CCW/inner,170,4.189276660805841,3.42138375228087,1.1277512089809514,
CCW,map_v1/CCW/inner,171,4.195392394153765,3.4349723543517725,1.1680280378731283,
CCW,map_v1/CCW/inner,172,4.200956009793603,3.448796191794262,1.208304866765305,
CCW,map_v1/CCW/inner,173,4.205958483520443,3.462832842293455,1.2485816956574818,
CCW,map_v1/CCW/inner,174,4.210391701303608,3.4770595383509124,1.2888585245496587,
CCW,map_v1/CCW/inner,175,4.214248472447639,3.4914532042136037,1.3291353534418355,
CCW,map_v1/CCW/inner,176,4.217522541255638,3.5059904933028636,1.3694121823340124,
CCW,map_v1/CCW/inner,177,4.220208597176027,3.520647826082629,1.4096890112261893,
CCW,map_v1/CCW/inner,178,4.22230228341628,3.5354014283055304,1.4499658401183662,
CCW,map_v1/CCW/inner,179,4.223800204009657,3.5502273695748117,1.490242669010543,
CCW,map_v1/CCW/inner,180,4.224699929323481,3.5651016021595163,1.5305194979027197,
CCW,map_v1/CCW/inner,181,4.225,3.58,1.5707963267948966,SE
CCW,map_v1/CCW/inner,182,4.225,3.595,1.5707963267948966,
CCW,map_v1/CCW/inner,183,4.225,3.61,1.5707963267948966,
CCW,map_v1/CCW/inner,184,4.225,3.625,1.5707963267948966,
CCW,map_v1/CCW/inner,185,4.225,3.64,1.5707963267948966,
CCW,map_v1/CCW/inner,186,4.225,3.655,1.5707963267948966,
CCW,map_v1/CCW/inner,187,4.225,3.67,1.5707963267948966,
CCW,map_v1/CCW/inner,188,4.225,3.685,1.5707963267948966,
CCW,map_v1/CCW/inner,189,4.225,3.6999999999999997,1.5707963267948966,
CCW,map_v1/CCW/inner,190,4.225,3.715,1.5707963267948966,
CCW,map_v1/CCW/inner,191,4.225,3.73,1.5707963267948966,
CCW,map_v1/CCW/inner,192,4.225,3.7449999999999997,1.5707963267948966,
CCW,map_v1/CCW/inner,193,4.225,3.76,1.5707963267948966,
CCW,map_v1/CCW/inner,194,4.225,3.775,1.5707963267948966,
CCW,map_v1/CCW/inner,195,4.225,3.7899999999999996,1.5707963267948966,
CCW,map_v1/CCW/inner,196,4.225,3.8049999999999997,1.5707963267948966,
CCW,map_v1/CCW/inner,197,4.225,3.82,1.5707963267948966,
CCW,map_v1/CCW/inner,198,4.225,3.8349999999999995,1.5707963267948966,
CCW,map_v1/CCW/inner,199,4.225,3.8499999999999996,1.5707963267948966,
CCW,map_v1/CCW/inner,200,4.225,3.8649999999999998,1.5707963267948966,
CCW,map_v1/CCW/inner,201,4.225,3.8799999999999994,1.5707963267948966,
CCW,map_v1/CCW/inner,202,4.225,3.8949999999999996,1.5707963267948966,
CCW,map_v1/CCW/inner,203,4.225,3.9099999999999997,1.5707963267948966,
CCW,map_v1/CCW/inner,204,4.225,3.9249999999999994,1.5707963267948966,
CCW,map_v1/CCW/inner,205,4.225,3.9399999999999995,1.5707963267948966,
CCW,map_v1/CCW/inner,206,4.224699929323481,3.9548983978404832,1.6110731556870734,
CCW,map_v1/CCW/inner,207,4.223800204009657,3.969772630425188,1.6513499845792503,
CCW,map_v1/CCW/inner,208,4.22230228341628,3.984598571694469,1.691626813471427,
CCW,map_v1/CCW/inner,209,4.220208597176027,3.9993521739173707,1.7319036423636038,
CCW,map_v1/CCW/inner,210,4.217522541255638,4.0140095066971355,1.7721804712557807,
CCW,map_v1/CCW/inner,211,4.214248472447639,4.028546795786396,1.8124573001479576,
CCW,map_v1/CCW/inner,212,4.210391701303608,4.042940461649087,1.8527341290401345,
CCW,map_v1/CCW/inner,213,4.205958483520443,4.0571671577065445,1.8930109579323111,
CCW,map_v1/CCW/inner,214,4.200956009793603,4.071203808205738,1.9332877868244882,
CCW,map_v1/CCW/inner,215,4.195392394153765,4.0850276456482275,1.9735646157166649,
CCW,map_v1/CCW/inner,216,4.189276660805841,4.0986162477191295,2.0138414446088415,
CCW,map_v1/CCW/inner,217,4.182618729491687,4.1119475736561935,2.0541182735010186,
CCW,map_v1/CCW/inner,218,4.175429399400242,4.124999999999999,2.0943951023931957,
CCW,map_v1/CCW/inner,219,4.1677203316512035,4.137752355667286,2.1346719312853724,
CCW,map_v1/CCW/inner,220,4.159504030380653,4.150183956290527,2.174948760177549,
CCW,map_v1/CCW/inner,221,4.150793822459295,4.162274637768052,2.2152255890697257,
CCW,map_v1/CCW/inner,222,4.141603835876232,4.174004788970289,2.2555024179619028,
CCW,map_v1/CCW/inner,223,4.131948976823307,4.185355383549093,2.29577924685408,
CCW,map_v1/CCW/inner,224,4.121844905517211,4.1963080107985515,2.3360560757462565,
CCW,map_v1/CCW/inner,225,4.111308010798552,4.206844905517211,2.376332904638433,
CCW,map_v1/CCW/inner,226,4.100355383549093,4.216948976823307,2.4166097335306103,
CCW,map_v1/CCW/inner,227,4.089004788970289,4.226603835876231,2.456886562422787,
CCW,map_v1/CCW/inner,228,4.077274637768052,4.235793822459295,2.4971633913149636,
CCW,map_v1/CCW/inner,229,4.065183956290527,4.244504030380653,2.5374402202071407,
CCW,map_v1/CCW/inner,230,4.052752355667286,4.2527203316512034,2.5777170490993173,
CCW,map_v1/CCW/inner,231,4.039999999999999,4.260429399400242,2.6179938779914944,
CCW,map_v1/CCW/inner,232,4.026947573656194,4.267618729491687,2.658270706883671,
CCW,map_v1/CCW/inner,233,4.0136162477191295,4.274276660805841,2.698547535775848,
CCW,map_v1/CCW/inner,234,4.0000276456482275,4.280392394153765,2.738824364668025,
CCW,map_v1/CCW/inner,235,3.9862038082057376,4.285956009793603,2.7791011935602015,
CCW,map_v1/CCW/inner,236,3.9721671577065445,4.290958483520443,2.819378022452378,
CCW,map_v1/CCW/inner,237,3.957940461649087,4.295391701303608,2.859654851344555,
CCW,map_v1/CCW/inner,238,3.943546795786396,4.299248472447639,2.8999316802367323,
CCW,map_v1/CCW/inner,239,3.929009506697136,4.302522541255638,2.940208509128909,
CCW,map_v1/CCW/inner,240,3.914352173917371,4.305208597176027,2.9804853380210856,
CCW,map_v1/CCW/inner,241,3.899598571694469,4.30730228341628,3.0207621669132627,
CCW,map_v1/CCW/inner,242,3.884772630425188,4.308800204009657,3.06103899580544,
CCW,map_v1/CCW/inner,243,3.8698983978404833,4.309699929323481,3.1013158246976165,
CCW,map_v1/CCW/inner,244,3.8549999999999995,4.31,3.141592653589793,NE
CCW,map_v1/CCW/inner,245,3.840027624309392,4.31,3.141592653589793,
CCW,map_v1/CCW/inner,246,3.825055248618784,4.31,3.141592653589793,
CCW,map_v1/CCW/inner,247,3.8100828729281764,4.31,3.141592653589793,
CCW,map_v1/CCW/inner,248,3.7951104972375687,4.31,3.141592653589793,
CCW,map_v1/CCW/inner,249,3.780138121546961,4.31,3.141592653589793,
CCW,map_v1/CCW/inner,250,3.765165745856353,4.31,3.141592653589793,
CCW,map_v1/CCW/inner,251,3.7501933701657455,4.31,3.141592653589793,
CCW,map_v1/CCW/inner,252,3.735220994475138,4.31,3.141592653589793,
CCW,map_v1/CCW/inner,253,3.72024861878453,4.31,3.141592653589793,
CCW,map_v1/CCW/inner,254,3.7052762430939223,4.31,3.141592653589793,
CCW,map_v1/CCW/inner,255,3.6903038674033146,4.31,3.141592653589793,
CCW,map_v1/CCW/inner,256,3.675331491712707,4.31,3.141592653589793,
CCW,map_v1/CCW/inner,257,3.660359116022099,4.31,3.141592653589793,
CCW,map_v1/CCW/inner,258,3.6453867403314915,4.31,3.141592653589793,
CCW,map_v1/CCW/inner,259,3.6304143646408837,4.31,3.141592653589793,
CCW,map_v1/CCW/inner,260,3.615441988950276,4.31,3.141592653589793,
CCW,map_v1/CCW/inner,261,3.6004696132596683,4.31,3.141592653589793,
CCW,map_v1/CCW/inner,262,3.5854972375690606,4.31,3.141592653589793,
CCW,map_v1/CCW/inner,263,3.570524861878453,4.31,3.141592653589793,
CCW,map_v1/CCW/inner,264,3.555552486187845,4.31,3.141592653589793,
CCW,map_v1/CCW/inner,265,3.5405801104972374,4.31,3.141592653589793,
CCW,map_v1/CCW/inner,266,3.5256077348066293,4.31,3.141592653589793,
CCW,map_v1/CCW/inner,267,3.5106353591160215,4.31,3.141592653589793,
CCW,map_v1/CCW/inner,268,3.495662983425414,4.31,3.141592653589793,
CCW,map_v1/CCW/inner,269,3.480690607734806,4.31,3.141592653589793,
CCW,map_v1/CCW/inner,270,3.4657182320441984,4.31,3.141592653589793,
CCW,map_v1/CCW/inner,271,3.4507458563535907,4.31,3.141592653589793,
CCW,map_v1/CCW/inner,272,3.435773480662983,4.31,3.141592653589793,
CCW,map_v1/CCW/inner,273,3.420801104972375,4.31,3.141592653589793,
CCW,map_v1/CCW/inner,274,3.4058287292817675,4.31,3.141592653589793,
CCW,map_v1/CCW/inner,275,3.3908563535911598,4.31,3.141592653589793,
CCW,map_v1/CCW/inner,276,3.375883977900552,4.31,3.141592653589793,
CCW,map_v1/CCW/inner,277,3.3609116022099443,4.31,3.141592653589793,
CCW,map_v1/CCW/inner,278,3.3459392265193366,4.31,3.141592653589793,
CCW,map_v1/CCW/inner,279,3.330966850828729,4.31,3.141592653589793,
CCW,map_v1/CCW/inner,280,3.315994475138121,4.31,3.141592653589793,
CCW,map_v1/CCW/inner,281,3.3010220994475135,4.31,3.141592653589793,
CCW,map_v1/CCW/inner,282,3.2860497237569057,4.31,3.141592653589793,
CCW,map_v1/CCW/inner,283,3.271077348066298,4.31,3.141592653589793,
CCW,map_v1/CCW/inner,284,3.2561049723756903,4.31,3.141592653589793,
CCW,map_v1/CCW/inner,285,3.2411325966850826,4.31,3.141592653589793,
CCW,map_v1/CCW/inner,286,3.226160220994475,4.31,3.141592653589793,
CCW,map_v1/CCW/inner,287,3.211187845303867,4.31,3.141592653589793,
CCW,map_v1/CCW/inner,288,3.1962154696132594,4.31,3.141592653589793,
CCW,map_v1/CCW/inner,289,3.1812430939226517,4.31,3.141592653589793,
CCW,map_v1/CCW/inner,290,3.1662707182320435,4.31,3.141592653589793,
CCW,map_v1/CCW/inner,291,3.1512983425414363,4.31,3.141592653589793,
CCW,map_v1/CCW/inner,292,3.1363259668508285,4.31,3.141592653589793,
CCW,map_v1/CCW/inner,293,3.121353591160221,4.31,3.141592653589793,
CCW,map_v1/CCW/inner,294,3.1063812154696127,4.31,3.141592653589793,
CCW,map_v1/CCW/inner,295,3.091408839779005,4.31,3.141592653589793,
CCW,map_v1/CCW/inner,296,3.0764364640883977,4.31,3.141592653589793,
CCW,map_v1/CCW/inner,297,3.06146408839779,4.31,3.141592653589793,
CCW,map_v1/CCW/inner,298,3.0464917127071818,4.31,3.141592653589793,
CCW,map_v1/CCW/inner,299,3.031519337016574,4.31,3.141592653589793,
CCW,map_v1/CCW/inner,300,3.0165469613259663,4.31,3.141592653589793,
CCW,map_v1/CCW/inner,301,3.0015745856353586,4.31,3.141592653589793,
CCW,map_v1/CCW/inner,302,2.986602209944751,4.31,3.141592653589793,
CCW,map_v1/CCW/inner,303,2.971629834254143,4.31,3.141592653589793,
CCW,map_v1/CCW/inner,304,2.9566574585635355,4.31,3.141592653589793,
CCW,map_v1/CCW/inner,305,2.9416850828729277,4.31,3.141592653589793,
CCW,map_v1/CCW/inner,306,2.92671270718232,4.31,3.141592653589793,
CCW,map_v1/CCW/inner,307,2.9117403314917123,4.31,3.141592653589793,
CCW,map_v1/CCW/inner,308,2.8967679558011046,4.31,3.141592653589793,
CCW,map_v1/CCW/inner,309,2.881795580110497,4.31,3.141592653589793,
CCW,map_v1/CCW/inner,310,2.866823204419889,4.31,3.141592653589793,
CCW,map_v1/CCW/inner,311,2.8518508287292814,4.31,3.141592653589793,
CCW,map_v1/CCW/inner,312,2.8368784530386737,4.31,3.141592653589793,
CCW,map_v1/CCW/inner,313,2.821906077348066,4.31,3.141592653589793,
CCW,map_v1/CCW/inner,314,2.8069337016574583,4.31,3.141592653589793,
CCW,map_v1/CCW/inner,315,2.7919613259668505,4.31,3.141592653589793,
CCW,map_v1/CCW/inner,316,2.776988950276243,4.31,3.141592653589793,
CCW,map_v1/CCW/inner,317,2.762016574585635,4.31,3.141592653589793,
CCW,map_v1/CCW/inner,318,2.7470441988950274,4.31,3.141592653589793,
CCW,map_v1/CCW/inner,319,2.7320718232044197,4.31,3.141592653589793,
CCW,map_v1/CCW/inner,320,2.717099447513812,4.31,3.141592653589793,
CCW,map_v1/CCW/inner,321,2.702127071823204,4.31,3.141592653589793,
CCW,map_v1/CCW/inner,322,2.6871546961325965,4.31,3.141592653589793,
CCW,map_v1/CCW/inner,323,2.672182320441989,4.31,3.141592653589793,
CCW,map_v1/CCW/inner,324,2.657209944751381,4.31,3.141592653589793,
CCW,map_v1/CCW/inner,325,2.6422375690607733,4.31,3.141592653589793,
CCW,map_v1/CCW/inner,326,2.6272651933701656,4.31,3.141592653589793,
CCW,map_v1/CCW/inner,327,2.612292817679558,4.31,3.141592653589793,
CCW,map_v1/CCW/inner,328,2.59732044198895,4.31,3.141592653589793,
CCW,map_v1/CCW/inner,329,2.5823480662983425,4.31,3.141592653589793,
CCW,map_v1/CCW/inner,330,2.5673756906077347,4.31,3.141592653589793,
CCW,map_v1/CCW/inner,331,2.552403314917127,4.31,3.141592653589793,
CCW,map_v1/CCW/inner,332,2.5374309392265193,4.31,3.141592653589793,
CCW,map_v1/CCW/inner,333,2.5224585635359116,4.31,3.141592653589793,
CCW,map_v1/CCW/inner,334,2.507486187845304,4.31,3.141592653589793,
CCW,map_v1/CCW/inner,335,2.4925138121546957,4.31,3.141592653589793,
CCW,map_v1/CCW/inner,336,2.477541436464088,4.31,3.141592653589793,
CCW,map_v1/CCW/inner,337,2.4625690607734807,4.31,3.141592653589793,
CCW,map_v1/CCW/inner,338,2.447596685082873,4.31,3.141592653589793,
CCW,map_v1/CCW/inner,339,2.4326243093922653,4.31,3.141592653589793,
CCW,map_v1/CCW/inner,340,2.4176519337016575,4.31,3.141592653589793,
CCW,map_v1/CCW/inner,341,2.40267955801105,4.31,3.141592653589793,
CCW,map_v1/CCW/inner,342,2.387707182320442,4.31,3.141592653589793,
CCW,map_v1/CCW/inner,343,2.372734806629834,4.31,3.141592653589793,
CCW,map_v1/CCW/inner,344,2.357762430939226,4.31,3.141592653589793,
CCW,map_v1/CCW/inner,345,2.3427900552486185,4.31,3.141592653589793,
CCW,map_v1/CCW/inner,346,2.3278176795580108,4.31,3.141592653589793,
CCW,map_v1/CCW/inner,347,2.312845303867403,4.31,3.141592653589793,
CCW,map_v1/CCW/inner,348,2.297872928176796,4.31,3.141592653589793,
CCW,map_v1/CCW/inner,349,2.282900552486188,4.31,3.141592653589793,
CCW,map_v1/CCW/inner,350,2.2679281767955803,4.31,3.141592653589793,
CCW,map_v1/CCW/inner,351,2.252955801104972,4.31,3.141592653589793,
CCW,map_v1/CCW/inner,352,2.2379834254143645,4.31,3.141592653589793,
CCW,map_v1/CCW/inner,353,2.2230110497237567,4.31,3.141592653589793,
CCW,map_v1/CCW/inner,354,2.208038674033149,4.31,3.141592653589793,
CCW,map_v1/CCW/inner,355,2.1930662983425413,4.31,3.141592653589793,
CCW,map_v1/CCW/inner,356,2.1780939226519336,4.31,3.141592653589793,
CCW,map_v1/CCW/inner,357,2.163121546961326,4.31,3.141592653589793,
CCW,map_v1/CCW/inner,358,2.148149171270718,4.31,3.141592653589793,
CCW,map_v1/CCW/inner,359,2.13317679558011,4.31,3.141592653589793,
CCW,map_v1/CCW/inner,360,2.1182044198895023,4.31,3.141592653589793,
CCW,map_v1/CCW/inner,361,2.1032320441988945,4.31,3.141592653589793,
CCW,map_v1/CCW/inner,362,2.088259668508287,4.31,3.141592653589793,
CCW,map_v1/CCW/inner,363,2.0732872928176795,4.31,3.141592653589793,
CCW,map_v1/CCW/inner,364,2.058314917127072,4.31,3.141592653589793,
CCW,map_v1/CCW/inner,365,2.043342541436464,4.31,3.141592653589793,
CCW,map_v1/CCW/inner,366,2.028370165745856,4.31,3.141592653589793,
CCW,map_v1/CCW/inner,367,2.013397790055248,4.31,3.141592653589793,
CCW,map_v1/CCW/inner,368,1.9984254143646407,4.31,3.141592653589793,
CCW,map_v1/CCW/inner,369,1.983453038674033,4.31,3.141592653589793,
CCW,map_v1/CCW/inner,370,1.9684806629834253,4.31,3.141592653589793,
CCW,map_v1/CCW/inner,371,1.9535082872928176,4.31,3.141592653589793,
CCW,map_v1/CCW/inner,372,1.9385359116022098,4.31,3.141592653589793,
CCW,map_v1/CCW/inner,373,1.9235635359116021,4.31,3.141592653589793,
CCW,map_v1/CCW/inner,374,1.9085911602209942,4.31,3.141592653589793,
CCW,map_v1/CCW/inner,375,1.8936187845303865,4.31,3.141592653589793,
CCW,map_v1/CCW/inner,376,1.8786464088397787,4.31,3.141592653589793,
CCW,map_v1/CCW/inner,377,1.8636740331491712,4.31,3.141592653589793,
CCW,map_v1/CCW/inner,378,1.8487016574585633,4.31,3.141592653589793,
CCW,map_v1/CCW/inner,379,1.8337292817679556,4.31,3.141592653589793,
CCW,map_v1/CCW/inner,380,1.8187569060773479,4.31,3.141592653589793,
CCW,map_v1/CCW/inner,381,1.8037845303867401,4.31,3.141592653589793,
CCW,map_v1/CCW/inner,382,1.7888121546961324,4.31,3.141592653589793,
CCW,map_v1/CCW/inner,383,1.7738397790055247,4.31,3.141592653589793,
CCW,map_v1/CCW/inner,384,1.758867403314917,4.31,3.141592653589793,
CCW,map_v1/CCW/inner,385,1.7438950276243093,4.31,3.141592653589793,
CCW,map_v1/CCW/inner,386,1.7289226519337015,4.31,3.141592653589793,
CCW,map_v1/CCW/inner,387,1.7139502762430938,4.31,3.141592653589793,
CCW,map_v1/CCW/inner,388,1.698977900552486,4.31,3.141592653589793,
CCW,map_v1/CCW/inner,389,1.6840055248618784,4.31,3.141592653589793,
CCW,map_v1/CCW/inner,390,1.6690331491712707,4.31,3.141592653589793,
CCW,map_v1/CCW/inner,391,1.654060773480663,4.31,3.141592653589793,
CCW,map_v1/CCW/inner,392,1.6390883977900552,4.31,3.141592653589793,
CCW,map_v1/CCW/inner,393,1.6241160220994475,4.31,3.141592653589793,
CCW,map_v1/CCW/inner,394,1.6091436464088398,4.31,3.141592653589793,
CCW,map_v1/CCW/inner,395,1.594171270718232,4.31,3.141592653589793,
CCW,map_v1/CCW/inner,396,1.5791988950276243,4.31,3.141592653589793,
CCW,map_v1/CCW/inner,397,1.5642265193370166,4.31,3.141592653589793,
CCW,map_v1/CCW/inner,398,1.5492541436464085,4.31,3.141592653589793,
CCW,map_v1/CCW/inner,399,1.5342817679558012,4.31,3.141592653589793,
CCW,map_v1/CCW/inner,400,1.5193093922651935,4.31,3.141592653589793,
CCW,map_v1/CCW/inner,401,1.5043370165745857,4.31,3.141592653589793,
CCW,map_v1/CCW/inner,402,1.489364640883978,4.31,3.141592653589793,
CCW,map_v1/CCW/inner,403,1.4743922651933703,4.31,3.141592653589793,
CCW,map_v1/CCW/inner,404,1.4594198895027626,4.31,3.141592653589793,
CCW,map_v1/CCW/inner,405,1.4444475138121549,4.31,3.141592653589793,
CCW,map_v1/CCW/inner,406,1.4294751381215467,4.31,3.141592653589793,
CCW,map_v1/CCW/inner,407,1.414502762430939,4.31,3.141592653589793,
CCW,map_v1/CCW/inner,408,1.3995303867403313,4.31,3.141592653589793,
CCW,map_v1/CCW/inner,409,1.3845580110497235,4.31,3.141592653589793,
CCW,map_v1/CCW/inner,410,1.3695856353591158,4.31,3.141592653589793,
CCW,map_v1/CCW/inner,411,1.3546132596685085,4.31,3.141592653589793,
CCW,map_v1/CCW/inner,412,1.3396408839779008,4.31,3.141592653589793,
CCW,map_v1/CCW/inner,413,1.324668508287293,4.31,3.141592653589793,
CCW,map_v1/CCW/inner,414,1.309696132596685,4.31,3.141592653589793,
CCW,map_v1/CCW/inner,415,1.2947237569060772,4.31,3.141592653589793,
CCW,map_v1/CCW/inner,416,1.2797513812154695,4.31,3.141592653589793,
CCW,map_v1/CCW/inner,417,1.2647790055248618,4.31,3.141592653589793,
CCW,map_v1/CCW/inner,418,1.249806629834254,4.31,3.141592653589793,
CCW,map_v1/CCW/inner,419,1.2348342541436463,4.31,3.141592653589793,
CCW,map_v1/CCW/inner,420,1.2198618784530386,4.31,3.141592653589793,
CCW,map_v1/CCW/inner,421,1.204889502762431,4.31,3.141592653589793,
CCW,map_v1/CCW/inner,422,1.1899171270718232,4.31,3.141592653589793,
CCW,map_v1/CCW/inner,423,1.1749447513812155,4.31,3.141592653589793,
CCW,map_v1/CCW/inner,424,1.1599723756906077,4.31,3.141592653589793,
CCW,map_v1/CCW/inner,425,1.145,4.31,3.141592653589793,
CCW,map_v1/CCW/inner,426,1.1301016021595165,4.309699929323481,-3.101315824697617,
CCW,map_v1/CCW/inner,427,1.1152273695748114,4.308800204009657,-3.06103899580544,
CCW,map_v1/CCW/inner,428,1.1004014283055306,4.30730228341628,-3.020762166913263,
CCW,map_v1/CCW/inner,429,1.0856478260826288,4.305208597176027,-2.980485338021086,
CCW,map_v1/CCW/inner,430,1.0709904933028636,4.302522541255638,-2.9402085091289094,
CCW,map_v1/CCW/inner,431,1.0564532042136037,4.299248472447639,-2.8999316802367328,
CCW,map_v1/CCW/inner,432,1.0420595383509126,4.295391701303608,-2.8596548513445557,
CCW,map_v1/CCW/inner,433,1.0278328422934553,4.290958483520443,-2.819378022452379,
CCW,map_v1/CCW/inner,434,1.0137961917942617,4.285956009793603,-2.779101193560202,
CCW,map_v1/CCW/inner,435,0.9999723543517722,4.280392394153765,-2.738824364668025,
CCW,map_v1/CCW/inner,436,0.98638375228087,4.274276660805841,-2.6985475357758486,
CCW,map_v1/CCW/inner,437,0.9730524263438056,4.267618729491687,-2.6582707068836715,
CCW,map_v1/CCW/inner,438,0.96,4.260429399400242,-2.6179938779914944,
CCW,map_v1/CCW/inner,439,0.9472476443327136,4.2527203316512034,-2.5777170490993178,
CCW,map_v1/CCW/inner,440,0.9348160437094724,4.244504030380653,-2.537440220207141,
CCW,map_v1/CCW/inner,441,0.9227253622319479,4.235793822459295,-2.4971633913149645,
CCW,map_v1/CCW/inner,442,0.9109952110297105,4.226603835876231,-2.4568865624227874,
CCW,map_v1/CCW/inner,443,0.8996446164509058,4.216948976823307,-2.41660973353061,
CCW,map_v1/CCW/inner,444,0.8886919892014482,4.206844905517211,-2.376332904638433,
CCW,map_v1/CCW/inner,445,0.8781550944827887,4.1963080107985515,-2.336056075746257,
CCW,map_v1/CCW/inner,446,0.8680510231766926,4.185355383549093,-2.29577924685408,
CCW,map_v1/CCW/inner,447,0.8583961641237678,4.174004788970289,-2.2555024179619036,
CCW,map_v1/CCW/inner,448,0.8492061775407047,4.162274637768052,-2.215225589069727,
CCW,map_v1/CCW/inner,449,0.8404959696193472,4.150183956290527,-2.1749487601775495,
CCW,map_v1/CCW/inner,450,0.8322796683487961,4.137752355667286,-2.134671931285373,
CCW,map_v1/CCW/inner,451,0.8245706005997577,4.124999999999999,-2.0943951023931953,
CCW,map_v1/CCW/inner,452,0.8173812705083123,4.1119475736561935,-2.0541182735010186,
CCW,map_v1/CCW/inner,453,0.8107233391941586,4.0986162477191295,-2.013841444608842,
CCW,map_v1/CCW/inner,454,0.804607605846235,4.0850276456482275,-1.973564615716665,
CCW,map_v1/CCW/inner,455,0.7990439902063966,4.071203808205738,-1.9332877868244884,
CCW,map_v1/CCW/inner,456,0.7940415164795562,4.0571671577065445,-1.8930109579323118,
CCW,map_v1/CCW/inner,457,0.7896082986963924,4.042940461649087,-1.8527341290401351,
CCW,map_v1/CCW/inner,458,0.7857515275523608,4.028546795786395,-1.8124573001479576,
CCW,map_v1/CCW/inner,459,0.782477458744361,4.0140095066971355,-1.772180471255781,
CCW,map_v1/CCW/inner,460,0.7797914028239723,3.9993521739173707,-1.7319036423636043,
CCW,map_v1/CCW/inner,461,0.77769771658372,3.984598571694469,-1.6916268134714267,
CCW,map_v1/CCW/inner,462,0.7761997959903424,3.969772630425188,-1.65134998457925,
CCW,map_v1/CCW/inner,463,0.7753000706765193,3.9548983978404832,-1.6110731556870734,
CCW,map_v1/CCW/inner,464,0.775,3.9399999999999995,-1.5707963267948968,NW
CCW,map_v1/CCW/inner,465,0.775,3.9249999999999994,-1.5707963267948966,
CCW,map_v1/CCW/inner,466,0.775,3.9099999999999997,-1.5707963267948966,
CCW,map_v1/CCW/inner,467,0.775,3.8949999999999996,-1.5707963267948966,
CCW,map_v1/CCW/inner,468,0.775,3.8799999999999994,-1.5707963267948966,
CCW,map_v1/CCW/inner,469,0.775,3.8649999999999998,-1.5707963267948966,
CCW,map_v1/CCW/inner,470,0.775,3.8499999999999996,-1.5707963267948966,
CCW,map_v1/CCW/inner,471,0.775,3.8349999999999995,-1.5707963267948966,
CCW,map_v1/CCW/inner,472,0.775,3.82,-1.5707963267948966,
CCW,map_v1/CCW/inner,473,0.775,3.8049999999999997,-1.5707963267948966,
CCW,map_v1/CCW/inner,474,0.775,3.7899999999999996,-1.5707963267948966,
CCW,map_v1/CCW/inner,475,0.775,3.775,-1.5707963267948966,
CCW,map_v1/CCW/inner,476,0.775,3.76,-1.5707963267948966,
CCW,map_v1/CCW/inner,477,0.775,3.7449999999999997,-1.5707963267948966,
CCW,map_v1/CCW/inner,478,0.775,3.73,-1.5707963267948966,
CCW,map_v1/CCW/inner,479,0.775,3.715,-1.5707963267948966,
CCW,map_v1/CCW/inner,480,0.775,3.6999999999999997,-1.5707963267948966,
CCW,map_v1/CCW/inner,481,0.775,3.685,-1.5707963267948966,
CCW,map_v1/CCW/inner,482,0.775,3.67,-1.5707963267948966,
CCW,map_v1/CCW/inner,483,0.775,3.655,-1.5707963267948966,
CCW,map_v1/CCW/inner,484,0.775,3.64,-1.5707963267948966,
CCW,map_v1/CCW/inner,485,0.775,3.625,-1.5707963267948966,
CCW,map_v1/CCW/inner,486,0.775,3.61,-1.5707963267948966,
CCW,map_v1/CCW/inner,487,0.775,3.595,-1.5707963267948966,
CCW,map_v1/CCW/inner,488,0.775,3.58,-1.5707963267948966,
CCW,map_v1/CCW/inner,489,0.7753000706765192,3.5651016021595168,-1.5305194979027201,
CCW,map_v1/CCW/inner,490,0.7761997959903424,3.5502273695748117,-1.4902426690105435,
CCW,map_v1/CCW/inner,491,0.77769771658372,3.535401428305531,-1.4499658401183668,
CCW,map_v1/CCW/inner,492,0.7797914028239723,3.520647826082629,-1.4096890112261893,
CCW,map_v1/CCW/inner,493,0.7824774587443609,3.5059904933028636,-1.3694121823340126,
CCW,map_v1/CCW/inner,494,0.7857515275523608,3.4914532042136037,-1.329135353441836,
CCW,map_v1/CCW/inner,495,0.7896082986963923,3.4770595383509124,-1.2888585245496584,
CCW,map_v1/CCW/inner,496,0.7940415164795562,3.462832842293455,-1.2485816956574818,
CCW,map_v1/CCW/inner,497,0.7990439902063966,3.448796191794262,-1.2083048667653051,
CCW,map_v1/CCW/inner,498,0.804607605846235,3.4349723543517725,-1.1680280378731285,
CCW,map_v1/CCW/inner,499,0.8107233391941585,3.42138375228087,-1.1277512089809518,
CCW,map_v1/CCW/inner,500,0.8173812705083123,3.4080524263438057,-1.0874743800887752,
CCW,map_v1/CCW/inner,501,0.8245706005997577,3.395,-1.0471975511965976,
CCW,map_v1/CCW/inner,502,0.832279668348796,3.382247644332714,-1.006920722304421,
CCW,map_v1/CCW/inner,503,0.8404959696193471,3.3698160437094726,-0.9666438934122443,
CCW,map_v1/CCW/inner,504,0.8492061775407045,3.357725362231948,-0.9263670645200677,
CCW,map_v1/CCW/inner,505,0.8583961641237678,3.3459952110297104,-0.8860902356278902,
CCW,map_v1/CCW/inner,506,0.8680510231766927,3.334644616450906,-0.8458134067357136,
CCW,map_v1/CCW/inner,507,0.8781550944827886,3.3236919892014485,-0.8055365778435369,
CCW,map_v1/CCW/inner,508,0.8886919892014482,3.3131550944827888,-0.7652597489513602,
CCW,map_v1/CCW/inner,509,0.8996446164509058,3.3030510231766925,-0.7249829200591835,
CCW,map_v1/CCW/inner,510,0.9109952110297103,3.293396164123768,-0.6847060911670069,
CCW,map_v1/CCW/inner,511,0.9227253622319478,3.2842061775407045,-0.6444292622748293,
CCW,map_v1/CCW/inner,512,0.9348160437094724,3.2754959696193473,-0.6041524333826527,
CCW,map_v1/CCW/inner,513,0.9472476443327136,3.267279668348796,-0.563875604490476,
CCW,map_v1/CCW/inner,514,0.9600000000000002,3.2595706005997576,-0.5235987755982985,
CCW,map_v1/CCW/inner,515,0.9730524263438057,3.2523812705083124,-0.48332194670612183,
CCW,map_v1/CCW/inner,516,0.98638375228087,3.2457233391941585,-0.4430451178139452,
CCW,map_v1/CCW/inner,517,0.9999723543517722,3.2396076058462353,-0.4027682889217686,
CCW,map_v1/CCW/inner,518,1.0137961917942617,3.2340439902063967,-0.36249146002959187,
CCW,map_v1/CCW/inner,519,1.027832842293455,3.2290415164795565,-0.3222146311374153,
CCW,map_v1/CCW/inner,520,1.0420595383509124,3.2246082986963924,-0.2819378022452386,
CCW,map_v1/CCW/inner,521,1.0564532042136037,3.220751527552361,-0.24166097335306105,
CCW,map_v1/CCW/inner,522,1.0709904933028636,3.217477458744361,-0.2013841444608844,
CCW,map_v1/CCW/inner,523,1.0856478260826286,3.2147914028239724,-0.16110731556870772,
CCW,map_v1/CCW/inner,524,1.1004014283055306,3.21269771658372,-0.1208304866765302,
CCW,map_v1/CCW/inner,525,1.1152273695748116,3.211199795990342,-0.08055365778435356,
CCW,map_v1/CCW/inner,526,1.1301016021595165,3.2103000706765195,-0.0402768288921769,
CCW,map_v1/CCW/inner,527,1.145,3.21,-2.4492935982947064e-16,SW
CCW,map_v1/CCW/inner,528,1.16,3.21,0.0,
CCW,map_v1/CCW/inner,529,1.175,3.21,0.0,
CCW,map_v1/CCW/inner,530,1.19,3.21,0.0,
CCW,map_v1/CCW/inner,531,1.205,3.21,0.0,
CCW,map_v1/CCW/inner,532,1.22,3.21,0.0,
CCW,map_v1/CCW/inner,533,1.235,3.21,0.0,
CCW,map_v1/CCW/inner,534,1.25,3.21,0.0,
CCW,map_v1/CCW/inner,535,1.265,3.21,0.0,
CCW,map_v1/CCW/inner,536,1.28,3.21,0.0,
CCW,map_v1/CCW/inner,537,1.295,3.21,0.0,
CCW,map_v1/CCW/inner,538,1.31,3.21,0.0,
CCW,map_v1/CCW/inner,539,1.325,3.21,0.0,
CCW,map_v1/CCW/inner,540,1.34,3.21,0.0,
CCW,map_v1/CCW/inner,541,1.355,3.21,0.0,
CCW,map_v1/CCW/inner,542,1.37,3.21,0.0,
CCW,map_v1/CCW/inner,543,1.385,3.21,0.0,
CCW,map_v1/CCW/inner,544,1.4,3.21,0.0,
CCW,map_v1/CCW/inner,545,1.415,3.21,0.0,
CCW,map_v1/CCW/inner,546,1.43,3.21,0.0,
CCW,map_v1/CCW/inner,547,1.4449999999999998,3.21,0.0,
CCW,map_v1/CCW/inner,548,1.46,3.21,0.0,
CCW,map_v1/CCW/inner,549,1.475,3.21,0.0,
CCW,map_v1/CCW/inner,550,1.49,3.21,0.0,
CCW,map_v1/CCW/inner,551,1.505,3.21,0.0,
CCW,map_v1/CCW/inner,552,1.52,3.21,0.0,
CCW,map_v1/CCW/inner,553,1.535,3.21,0.0,
CCW,map_v1/CCW/inner,554,1.55,3.21,0.0,
CCW,map_v1/CCW/inner,555,1.565,3.21,0.0,
CCW,map_v1/CCW/inner,556,1.58,3.21,0.0,
CCW,map_v1/CCW/inner,557,1.595,3.21,0.0,
CCW,map_v1/CCW/inner,558,1.6099999999999999,3.21,0.0,
CCW,map_v1/CCW/inner,559,1.625,3.21,0.0,
CCW,map_v1/CCW/inner,560,1.64,3.21,0.0,
CCW,map_v1/CCW/inner,561,1.655,3.21,0.0,
CCW,map_v1/CCW/inner,562,1.67,3.21,0.0,
CCW,map_v1/CCW/inner,563,1.685,3.21,0.0,
CCW,map_v1/CCW/inner,564,1.7,3.21,0.0,
CCW,map_v1/CCW/inner,565,1.7149999999999999,3.21,0.0,
CCW,map_v1/CCW/inner,566,1.73,3.21,0.0,
CCW,map_v1/CCW/inner,567,1.7449999999999999,3.21,0.0,
CCW,map_v1/CCW/inner,568,1.7599999999999998,3.21,0.0,
CCW,map_v1/CCW/inner,569,1.775,3.21,0.0,
CCW,map_v1/CCW/inner,570,1.79,3.21,0.0,
CCW,map_v1/CCW/inner,571,1.805,3.21,0.0,
CCW,map_v1/CCW/inner,572,1.8199999999999998,3.21,0.0,
CCW,map_v1/CCW/inner,573,1.835,3.21,0.0,
CCW,map_v1/CCW/inner,574,1.85,3.21,0.0,
CCW,map_v1/CCW/inner,575,1.8649999999999998,3.21,0.0,
CCW,map_v1/CCW/inner,576,1.88,3.21,0.0,
CCW,map_v1/CCW/inner,577,1.895,3.21,0.0,
CCW,map_v1/CCW/inner,578,1.91,3.21,0.0,
CCW,map_v1/CCW/inner,579,1.9249999999999998,3.21,0.0,
CCW,map_v1/CCW/inner,580,1.94,3.21,0.0,
CCW,map_v1/CCW/inner,581,1.955,3.21,0.0,
CCW,map_v1/CCW/inner,582,1.97,3.21,0.0,
CCW,map_v1/CCW/inner,583,1.9849999999999999,3.21,0.0,
CCW,map_v1/CCW/inner,584,2.0,3.21,0.0,
CCW,map_v1/CCW/inner,585,2.0149999999999997,3.21,0.0,
CCW,map_v1/CCW/inner,586,2.03,3.21,0.0,
CCW,map_v1/CCW/inner,587,2.045,3.21,0.0,
CCW,map_v1/CCW/inner,588,2.0599999999999996,3.21,0.0,
CCW,map_v1/CCW/inner,589,2.075,3.21,0.0,
CCW,map_v1/CCW/inner,590,2.09,3.21,0.0,
CCW,map_v1/CCW/inner,591,2.105,3.21,0.0,
CCW,map_v1/CCW/inner,592,2.12,3.21,0.0,
CCW,map_v1/CCW/inner,593,2.135,3.21,0.0,
CCW,map_v1/CCW/inner,594,2.15,3.21,0.0,C_RING_COMPLETE|RETURN_SPLIT
CCW,map_v1/CCW/inner,595,2.164854421118652,3.2096846381716384,-0.042453954778240544,
CCW,map_v1/CCW/inner,596,2.179682073566428,3.2087391209898843,-0.08490790955648087,
CCW,map_v1/CCW/inner,597,2.1944562369114076,3.2071651523406066,-0.1273618643347214,
CCW,map_v1/CCW/inner,598,2.209150287112647,3.204965568621698,-0.16981581911296173,
CCW,map_v1/CCW/inner,599,2.223737744498504,3.20214433363169,-0.21226977389120227,
CCW,map_v1/CCW/inner,600,2.2381923214847936,3.1987065314267245,-0.2547237286694428,
CCW,map_v1/CCW/inner,601,2.2524879699467926,3.1946583571587377,-0.29717768344768314,
CCW,map_v1/CCW/inner,602,2.26659892815972,3.1900071059113793,-0.33963163822592346,
CCW,map_v1/CCW/inner,603,2.280499767223108,3.184761159553778,-0.382085593004164,
CCW,map_v1/CCW/inner,604,2.294165436885397,3.1789299716358475,-0.42453954778240455,
CCW,map_v1/CCW/inner,605,2.3075713106861855,3.1725240503523486,-0.46699350256064487,
CCW,map_v1/CCW/inner,606,2.320693230334772,3.1655549396064155,-0.5094474573388854,
CCW,map_v1/CCW/inner,607,2.333507549245031,3.158035198206659,-0.5519014121171256,
CCW,map_v1/CCW/inner,608,2.3459911751481584,3.1499783772353447,-0.5943553668953662,
CCW,map_v1/CCW/inner,609,2.3581216117065003,3.141398995628429,-0.6368093216736067,
CCW,map_v1/CCW/inner,610,2.3698769990534747,3.1323125140114536,-0.6792632764518471,
CCW,map_v1/CCW/inner,611,2.3812361531865283,3.1227353068384534,-0.7217172312300877,
CCW,map_v1/CCW/inner,612,2.392178604142141,3.1126846328840836,-0.764171186008328,
CCW,map_v1/CCW/inner,613,2.4026846328840836,3.102178604142141,-0.8066251407865684,
CCW,map_v1/CCW/inner,614,2.4127353068384534,3.0912361531865282,-0.849079095564809,
CCW,map_v1/CCW/inner,615,2.4223125140114536,3.0798769990534747,-0.8915330503430494,
CCW,map_v1/CCW/inner,616,2.431398995628429,3.0681216117065,-0.9339870051212897,
CCW,map_v1/CCW/inner,617,2.4399783772353447,3.0559911751481583,-0.9764409598995303,
CCW,map_v1/CCW/inner,618,2.448035198206659,3.0435075492450308,-1.0188949146777708,
CCW,map_v1/CCW/inner,619,2.4555549396064156,3.030693230334772,-1.0613488694560111,
CCW,map_v1/CCW/inner,620,2.4625240503523487,3.0175713106861854,-1.1038028242342517,
CCW,map_v1/CCW/inner,621,2.4689299716358475,3.004165436885397,-1.146256779012492,
CCW,map_v1/CCW/inner,622,2.474761159553778,2.990499767223108,-1.1887107337907326,
CCW,map_v1/CCW/inner,623,2.4800071059113793,2.97659892815972,-1.231164688568973,
CCW,map_v1/CCW/inner,624,2.4846583571587377,2.9624879699467925,-1.2736186433472134,
CCW,map_v1/CCW/inner,625,2.4887065314267245,2.9481923214847936,-1.3160725981254537,
CCW,map_v1/CCW/inner,626,2.49214433363169,2.933737744498504,-1.3585265529036943,
CCW,map_v1/CCW/inner,627,2.494965568621698,2.919150287112647,-1.4009805076819348,
CCW,map_v1/CCW/inner,628,2.4971651523406067,2.9044562369114075,-1.4434344624601754,
CCW,map_v1/CCW/inner,629,2.4987391209898844,2.889682073566428,-1.4858884172384157,
CCW,map_v1/CCW/inner,630,2.4996846381716384,2.874854421118652,-1.528342372016656,
CCW,map_v1/CCW/inner,631,2.5,2.86,-1.5707963267948966,
CCW,map_v1/CCW/inner,632,2.5,2.8449999999999998,-1.5707963267948966,
CCW,map_v1/CCW/inner,633,2.5,2.83,-1.5707963267948966,
CCW,map_v1/CCW/inner,634,2.5,2.815,-1.5707963267948966,
CCW,map_v1/CCW/inner,635,2.5,2.8,-1.5707963267948966,
CCW,map_v1/CCW/inner,636,2.5,2.7849999999999997,-1.5707963267948966,
CCW,map_v1/CCW/inner,637,2.5,2.77,-1.5707963267948966,
CCW,map_v1/CCW/inner,638,2.5,2.755,-1.5707963267948966,
CCW,map_v1/CCW/inner,639,2.5,2.7399999999999998,-1.5707963267948966,
CCW,map_v1/CCW/inner,640,2.5,2.725,-1.5707963267948966,
CCW,map_v1/CCW/inner,641,2.5,2.71,-1.5707963267948966,
CCW,map_v1/CCW/inner,642,2.5,2.695,-1.5707963267948966,
CCW,map_v1/CCW/inner,643,2.5,2.6799999999999997,-1.5707963267948966,
CCW,map_v1/CCW/inner,644,2.5,2.665,-1.5707963267948966,
CCW,map_v1/CCW/inner,645,2.5,2.65,-1.5707963267948966,
CCW,map_v1/CCW/inner,646,2.5,2.635,-1.5707963267948966,
CCW,map_v1/CCW/inner,647,2.5,2.62,-1.5707963267948966,
CCW,map_v1/CCW/inner,648,2.5,2.605,-1.5707963267948966,
CCW,map_v1/CCW/inner,649,2.5,2.59,-1.5707963267948966,
CCW,map_v1/CCW/inner,650,2.5,2.575,-1.5707963267948966,
CCW,map_v1/CCW/inner,651,2.5,2.56,-1.5707963267948966,
CCW,map_v1/CCW/inner,652,2.5,2.545,-1.5707963267948966,
CCW,map_v1/CCW/inner,653,2.5,2.5300000000000002,-1.5707963267948966,
CCW,map_v1/CCW/inner,654,2.5,2.515,-1.5707963267948966,
CCW,map_v1/CCW/inner,655,2.5,2.5,-1.5707963267948966,GATE_OUT
CCW,map_v1/CCW/center,0,2.5,2.3,1.5707963267948966,GATE_BEGIN
CCW,map_v1/CCW/center,1,2.5,2.314285714285714,1.5707963267948966,
CCW,map_v1/CCW/center,2,2.5,2.3285714285714283,1.5707963267948966,
CCW,map_v1/CCW/center,3,2.5,2.3428571428571425,1.5707963267948966,
CCW,map_v1/CCW/center,4,2.5,2.357142857142857,1.5707963267948966,
CCW,map_v1/CCW/center,5,2.5,2.3714285714285714,1.5707963267948966,
CCW,map_v1/CCW/center,6,2.5,2.3857142857142857,1.5707963267948966,
CCW,map_v1/CCW/center,7,2.5,2.4,1.5707963267948966,
CCW,map_v1/CCW/center,8,2.5,2.414285714285714,1.5707963267948966,
CCW,map_v1/CCW/center,9,2.5,2.4285714285714284,1.5707963267948966,
CCW,map_v1/CCW/center,10,2.5,2.4428571428571426,1.5707963267948966,
CCW,map_v1/CCW/center,11,2.5,2.4571428571428573,1.5707963267948966,
CCW,map_v1/CCW/center,12,2.5,2.4714285714285715,1.5707963267948966,
CCW,map_v1/CCW/center,13,2.5,2.4857142857142858,1.5707963267948966,
CCW,map_v1/CCW/center,14,2.5,2.5,1.5707963267948966,GATE
CCW,map_v1/CCW/center,15,2.5,2.5143478260869565,1.5707963267948966,
CCW,map_v1/CCW/center,16,2.5,2.528695652173913,1.5707963267948966,
CCW,map_v1/CCW/center,17,2.5,2.5430434782608695,1.5707963267948966,
CCW,map_v1/CCW/center,18,2.5,2.557391304347826,1.5707963267948966,
CCW,map_v1/CCW/center,19,2.5,2.5717391304347825,1.5707963267948966,
CCW,map_v1/CCW/center,20,2.5,2.586086956521739,1.5707963267948966,
CCW,map_v1/CCW/center,21,2.5,2.6004347826086955,1.5707963267948966,
CCW,map_v1/CCW/center,22,2.5,2.614782608695652,1.5707963267948966,
CCW,map_v1/CCW/center,23,2.5,2.6291304347826085,1.5707963267948966,
CCW,map_v1/CCW/center,24,2.5,2.643478260869565,1.5707963267948966,
CCW,map_v1/CCW/center,25,2.5,2.657826086956522,1.5707963267948966,
CCW,map_v1/CCW/center,26,2.5,2.672173913043478,1.5707963267948966,
CCW,map_v1/CCW/center,27,2.5,2.686521739130435,1.5707963267948966,
CCW,map_v1/CCW/center,28,2.5,2.7008695652173915,1.5707963267948966,
CCW,map_v1/CCW/center,29,2.5,2.715217391304348,1.5707963267948966,
CCW,map_v1/CCW/center,30,2.5,2.7295652173913045,1.5707963267948966,
CCW,map_v1/CCW/center,31,2.5,2.743913043478261,1.5707963267948966,
CCW,map_v1/CCW/center,32,2.5,2.7582608695652175,1.5707963267948966,
CCW,map_v1/CCW/center,33,2.5,2.772608695652174,1.5707963267948966,
CCW,map_v1/CCW/center,34,2.5,2.7869565217391306,1.5707963267948966,
CCW,map_v1/CCW/center,35,2.5,2.801304347826087,1.5707963267948966,
CCW,map_v1/CCW/center,36,2.5,2.8156521739130436,1.5707963267948966,
CCW,map_v1/CCW/center,37,2.5,2.83,1.5707963267948966,TURN_ENTRY
CCW,map_v1/CCW/center,38,2.5003153618283616,2.844854421118652,1.528342372016656,
CCW,map_v1/CCW/center,39,2.5012608790101156,2.8596820735664283,1.4858884172384155,
CCW,map_v1/CCW/center,40,2.5028348476593933,2.8744562369114077,1.4434344624601754,
CCW,map_v1/CCW/center,41,2.505034431378302,2.8891502871126473,1.4009805076819348,
CCW,map_v1/CCW/center,42,2.50785566636831,2.903737744498504,1.3585265529036943,
CCW,map_v1/CCW/center,43,2.5112934685732755,2.918192321484794,1.3160725981254537,
CCW,map_v1/CCW/center,44,2.5153416428412623,2.9324879699467927,1.2736186433472136,
CCW,map_v1/CCW/center,45,2.5199928940886207,2.94659892815972,1.231164688568973,
CCW,map_v1/CCW/center,46,2.525238840446222,2.960499767223108,1.1887107337907326,
CCW,map_v1/CCW/center,47,2.5310700283641525,2.9741654368853974,1.146256779012492,
CCW,map_v1/CCW/center,48,2.5374759496476513,2.9875713106861856,1.1038028242342515,
CCW,map_v1/CCW/center,49,2.5444450603935844,3.000693230334772,1.061348869456011,
CCW,map_v1/CCW/center,50,2.551964801793341,3.013507549245031,1.0188949146777708,
CCW,map_v1/CCW/center,51,2.5600216227646553,3.0259911751481585,0.9764409598995303,
CCW,map_v1/CCW/center,52,2.568601004371571,3.0381216117065004,0.9339870051212897,
CCW,map_v1/CCW/center,53,2.5776874859885464,3.049876999053475,0.8915330503430496,
CCW,map_v1/CCW/center,54,2.5872646931615466,3.0612361531865284,0.8490790955648091,
CCW,map_v1/CCW/center,55,2.5973153671159164,3.0721786041421413,0.8066251407865686,
CCW,map_v1/CCW/center,56,2.607821395857859,3.082684632884084,0.764171186008328,
CCW,map_v1/CCW/center,57,2.6187638468134717,3.0927353068384535,0.7217172312300875,
CCW,map_v1/CCW/center,58,2.6301230009465253,3.102312514011454,0.679263276451847,
CCW,map_v1/CCW/center,59,2.6418783882934997,3.1113989956284294,0.6368093216736068,
CCW,map_v1/CCW/center,60,2.6540088248518416,3.119978377235345,0.5943553668953662,
CCW,map_v1/CCW/center,61,2.666492450754969,3.128035198206659,0.5519014121171256,
CCW,map_v1/CCW/center,62,2.679306769665228,3.1355549396064157,0.5094474573388856,
CCW,map_v1/CCW/center,63,2.6924286893138145,3.142524050352349,0.46699350256064515,
CCW,map_v1/CCW/center,64,2.705834563114603,3.1489299716358476,0.42453954778240455,
CCW,map_v1/CCW/center,65,2.719500232776892,3.1547611595537783,0.382085593004164,
CCW,map_v1/CCW/center,66,2.73340107184028,3.1600071059113795,0.33963163822592346,
CCW,map_v1/CCW/center,67,2.7475120300532074,3.164658357158738,0.29717768344768314,
CCW,map_v1/CCW/center,68,2.7618076785152064,3.1687065314267246,0.2547237286694428,
CCW,map_v1/CCW/center,69,2.776262255501496,3.17214433363169,0.21226977389120227,
CCW,map_v1/CCW/center,70,2.790849712887353,3.174965568621698,0.16981581911296173,
CCW,map_v1/CCW/center,71,2.8055437630885924,3.177165152340607,0.1273618643347212,
CCW,map_v1/CCW/center,72,2.820317926433572,3.178739120989884,0.08490790955648087,
CCW,map_v1/CCW/center,73,2.835145578881348,3.1796846381716386,0.042453954778240544,
CCW,map_v1/CCW/center,74,2.85,3.18,0.0,SPLIT|C_RING_ENTRY
CCW,map_v1/CCW/center,75,2.865,3.18,0.0,
CCW,map_v1/CCW/center,76,2.88,3.18,0.0,
CCW,map_v1/CCW/center,77,2.895,3.18,0.0,
CCW,map_v1/CCW/center,78,2.91,3.18,0.0,
CCW,map_v1/CCW/center,79,2.9250000000000003,3.18,0.0,
CCW,map_v1/CCW/center,80,2.94,3.18,0.0,
CCW,map_v1/CCW/center,81,2.955,3.18,0.0,
CCW,map_v1/CCW/center,82,2.97,3.18,0.0,
CCW,map_v1/CCW/center,83,2.985,3.18,0.0,
CCW,map_v1/CCW/center,84,3.0,3.18,0.0,
CCW,map_v1/CCW/center,85,3.015,3.18,0.0,
CCW,map_v1/CCW/center,86,3.0300000000000002,3.18,0.0,
CCW,map_v1/CCW/center,87,3.045,3.18,0.0,
CCW,map_v1/CCW/center,88,3.06,3.18,0.0,
CCW,map_v1/CCW/center,89,3.075,3.18,0.0,
CCW,map_v1/CCW/center,90,3.09,3.18,0.0,
CCW,map_v1/CCW/center,91,3.105,3.18,0.0,
CCW,map_v1/CCW/center,92,3.12,3.18,0.0,
CCW,map_v1/CCW/center,93,3.1350000000000002,3.18,0.0,
CCW,map_v1/CCW/center,94,3.15,3.18,0.0,
CCW,map_v1/CCW/center,95,3.165,3.18,0.0,
CCW,map_v1/CCW/center,96,3.18,3.18,0.0,
CCW,map_v1/CCW/center,97,3.1950000000000003,3.18,0.0,
CCW,map_v1/CCW/center,98,3.21,3.18,0.0,
CCW,map_v1/CCW/center,99,3.225,3.18,0.0,
CCW,map_v1/CCW/center,100,3.24,3.18,0.0,
CCW,map_v1/CCW/center,101,3.255,3.18,0.0,
CCW,map_v1/CCW/center,102,3.27,3.18,0.0,
CCW,map_v1/CCW/center,103,3.285,3.18,0.0,
CCW,map_v1/CCW/center,104,3.3,3.18,0.0,
CCW,map_v1/CCW/center,105,3.315,3.18,0.0,
CCW,map_v1/CCW/center,106,3.33,3.18,0.0,
CCW,map_v1/CCW/center,107,3.345,3.18,0.0,
CCW,map_v1/CCW/center,108,3.3600000000000003,3.18,0.0,
CCW,map_v1/CCW/center,109,3.375,3.18,0.0,
CCW,map_v1/CCW/center,110,3.39,3.18,0.0,
CCW,map_v1/CCW/center,111,3.4050000000000002,3.18,0.0,
CCW,map_v1/CCW/center,112,3.42,3.18,0.0,
CCW,map_v1/CCW/center,113,3.435,3.18,0.0,
CCW,map_v1/CCW/center,114,3.45,3.18,0.0,
CCW,map_v1/CCW/center,115,3.465,3.18,0.0,
CCW,map_v1/CCW/center,116,3.48,3.18,0.0,
CCW,map_v1/CCW/center,117,3.495,3.18,0.0,
CCW,map_v1/CCW/center,118,3.51,3.18,0.0,
CCW,map_v1/CCW/center,119,3.525,3.18,0.0,
CCW,map_v1/CCW/center,120,3.54,3.18,0.0,
CCW,map_v1/CCW/center,121,3.555,3.18,0.0,
CCW,map_v1/CCW/center,122,3.57,3.18,0.0,
CCW,map_v1/CCW/center,123,3.585,3.18,0.0,
CCW,map_v1/CCW/center,124,3.6,3.18,0.0,
CCW,map_v1/CCW/center,125,3.615,3.18,0.0,
CCW,map_v1/CCW/center,126,3.63,3.18,0.0,
CCW,map_v1/CCW/center,127,3.645,3.18,0.0,
CCW,map_v1/CCW/center,128,3.66,3.18,0.0,
CCW,map_v1/CCW/center,129,3.675,3.18,0.0,
CCW,map_v1/CCW/center,130,3.69,3.18,0.0,
CCW,map_v1/CCW/center,131,3.705,3.18,0.0,
CCW,map_v1/CCW/center,132,3.7199999999999998,3.18,0.0,
CCW,map_v1/CCW/center,133,3.735,3.18,0.0,
CCW,map_v1/CCW/center,134,3.75,3.18,0.0,
CCW,map_v1/CCW/center,135,3.7649999999999997,3.18,0.0,
CCW,map_v1/CCW/center,136,3.7800000000000002,3.18,0.0,
CCW,map_v1/CCW/center,137,3.795,3.18,0.0,
CCW,map_v1/CCW/center,138,3.81,3.18,0.0,
CCW,map_v1/CCW/center,139,3.825,3.18,0.0,
CCW,map_v1/CCW/center,140,3.84,3.18,0.0,
CCW,map_v1/CCW/center,141,3.855,3.18,0.0,
CCW,map_v1/CCW/center,142,3.8699564777105304,3.1802797180846407,0.03739991254273556,
CCW,map_v1/CCW/center,143,3.88489203743457,3.181118481127528,0.07479982508547134,
CCW,map_v1/CCW/center,144,3.899785790441323,3.182515116042703,0.1121997376282069,
CCW,map_v1/CCW/center,145,3.91461690647047,3.1844676695099485,0.14959965017094246,
CCW,map_v1/CCW/center,146,3.929364642865166,3.1869734107066847,0.18699956271367824,
CCW,map_v1/CCW/center,147,3.944008373582526,3.1900288351272708,0.2243994752564138,
CCW,map_v1/CCW/center,148,3.9585276180410083,3.193629669484373,0.26179938779914935,
CCW,map_v1/CCW/center,149,3.9729020697643618,3.197770877685544,0.29919930034188513,
CCW,map_v1/CCW/center,150,3.987111624782067,3.2024466678766528,0.3365992128846207,
CCW,map_v1/CCW/center,151,4.001136409746558,3.2076505005423184,0.37399912542735625,
CCW,map_v1/CCW/center,152,4.014956809727896,3.2133750976520097,0.41139903797009175,
CCW,map_v1/CCW/center,153,4.0285534956470235,3.2196124528390326,0.4487989505128276,
CCW,map_v1/CCW/center,154,4.041907451309225,3.226353842598156,0.4861988630555633,
CCW,map_v1/CCW/center,155,4.055,3.2335898384862247,0.5235987755982987,
CCW,map_v1/CCW/center,156,4.067812830606135,3.2413103203086866,0.5609986881410345,
CCW,map_v1/CCW/center,157,4.080328023225449,3.249504490273602,0.5983986006837702,
CCW,map_v1/CCW/center,158,4.092528074229401,3.258160888093333,0.6357985132265058,
CCW,map_v1/CCW/center,159,4.104395920743493,3.2672674070127883,0.6731984257692414,
CCW,map_v1/CCW/center,160,4.115914964511249,3.276811310741819,0.7105983383119769,
CCW,map_v1/CCW/center,161,4.127069095108368,3.2867792512680696,0.7479982508547126,
CCW,map_v1/CCW/center,162,4.137842712474619,3.297157287525381,0.7853981633974483,
CCW,map_v1/CCW/center,163,4.148220748731931,3.307930904891632,0.8227980759401838,
CCW,map_v1/CCW/center,164,4.158188689258181,3.319085035488752,0.8601979884829195,
CCW,map_v1/CCW/center,165,4.167732592987212,3.330604079256507,0.8975979010256552,
CCW,map_v1/CCW/center,166,4.176839111906667,3.3424719257705995,0.9349978135683908,
CCW,map_v1/CCW/center,167,4.1854955097263975,3.354671976774551,0.9723977261111265,
CCW,map_v1/CCW/center,168,4.193689679691314,3.3671871693938655,1.009797638653862,
CCW,map_v1/CCW/center,169,4.201410161513776,3.38,1.0471975511965976,
CCW,map_v1/CCW/center,170,4.208646157401844,3.3930925486907753,1.0845974637393334,
CCW,map_v1/CCW/center,171,4.215387547160968,3.406446504352977,1.121997376282069,
CCW,map_v1/CCW/center,172,4.22162490234799,3.4200431902721036,1.1593972888248045,
CCW,map_v1/CCW/center,173,4.227349499457682,3.4338635902534422,1.1967972013675403,
CCW,map_v1/CCW/center,174,4.232553332123347,3.447888375217933,1.2341971139102759,
CCW,map_v1/CCW/center,175,4.2372291223144565,3.4620979302356383,1.2715970264530116,
CCW,map_v1/CCW/center,176,4.241370330515627,3.4764723819589918,1.308996938995747,
CCW,map_v1/CCW/center,177,4.244971164872729,3.4909916264174745,1.3463968515384828,
CCW,map_v1/CCW/center,178,4.248026589293316,3.5056353571348344,1.3837967640812185,
CCW,map_v1/CCW/center,179,4.250532330490051,3.52038309352953,1.4211966766239539,
CCW,map_v1/CCW/center,180,4.2524848839572975,3.535214209558677,1.4585965891666897,
CCW,map_v1/CCW/center,181,4.253881518872472,3.55010796256543,1.4959965017094252,
CCW,map_v1/CCW/center,182,4.254720281915359,3.5650435222894696,1.5333964142521608,
CCW,map_v1/CCW/center,183,4.255,3.58,1.5707963267948966,SE
CCW,map_v1/CCW/center,184,4.255,3.595,1.5707963267948966,
CCW,map_v1/CCW/center,185,4.255,3.61,1.5707963267948966,
CCW,map_v1/CCW/center,186,4.255,3.625,1.5707963267948966,
CCW,map_v1/CCW/center,187,4.255,3.64,1.5707963267948966,
CCW,map_v1/CCW/center,188,4.255,3.6550000000000002,1.5707963267948966,
CCW,map_v1/CCW/center,189,4.255,3.67,1.5707963267948966,
CCW,map_v1/CCW/center,190,4.255,3.685,1.5707963267948966,
CCW,map_v1/CCW/center,191,4.255,3.7,1.5707963267948966,
CCW,map_v1/CCW/center,192,4.255,3.715,1.5707963267948966,
CCW,map_v1/CCW/center,193,4.255,3.73,1.5707963267948966,
CCW,map_v1/CCW/center,194,4.255,3.745,1.5707963267948966,
CCW,map_v1/CCW/center,195,4.255,3.76,1.5707963267948966,
CCW,map_v1/CCW/center,196,4.255,3.775,1.5707963267948966,
CCW,map_v1/CCW/center,197,4.255,3.79,1.5707963267948966,
CCW,map_v1/CCW/center,198,4.255,3.805,1.5707963267948966,
CCW,map_v1/CCW/center,199,4.255,3.82,1.5707963267948966,
CCW,map_v1/CCW/center,200,4.255,3.835,1.5707963267948966,
CCW,map_v1/CCW/center,201,4.255,3.85,1.5707963267948966,
CCW,map_v1/CCW/center,202,4.255,3.8649999999999998,1.5707963267948966,
CCW,map_v1/CCW/center,203,4.255,3.88,1.5707963267948966,
CCW,map_v1/CCW/center,204,4.255,3.895,1.5707963267948966,
CCW,map_v1/CCW/center,205,4.255,3.91,1.5707963267948966,
CCW,map_v1/CCW/center,206,4.255,3.925,1.5707963267948966,
CCW,map_v1/CCW/center,207,4.255,3.94,1.5707963267948966,
CCW,map_v1/CCW/center,208,4.254720281915359,3.9549564777105304,1.6081962393376321,
CCW,map_v1/CCW/center,209,4.253881518872472,3.96989203743457,1.645596151880368,
CCW,map_v1/CCW/center,210,4.2524848839572975,3.984785790441323,1.6829960644231035,
CCW,map_v1/CCW/center,211,4.250532330490051,3.99961690647047,1.720395976965839,
CCW,map_v1/CCW/center,212,4.248026589293316,4.014364642865166,1.7577958895085748,
CCW,map_v1/CCW/center,213,4.244971164872729,4.029008373582526,1.7951958020513104,
CCW,map_v1/CCW/center,214,4.241370330515627,4.043527618041008,1.832595714594046,
CCW,map_v1/CCW/center,215,4.2372291223144565,4.057902069764362,1.8699956271367817,
CCW,map_v1/CCW/center,216,4.232553332123347,4.072111624782067,1.9073955396795172,
CCW,map_v1/CCW/center,217,4.227349499457682,4.086136409746558,1.9447954522222528,
CCW,map_v1/CCW/center,218,4.22162490234799,4.099956809727896,1.9821953647649884,
CCW,map_v1/CCW/center,219,4.215387547160968,4.113553495647023,2.019595277307724,
CCW,map_v1/CCW/center,220,4.208646157401844,4.126907451309225,2.05699518985046,
CCW,map_v1/CCW/center,221,4.201410161513776,4.14,2.0943951023931953,
CCW,map_v1/CCW/center,222,4.193689679691314,4.152812830606135,2.131795014935931,
CCW,map_v1/CCW/center,223,4.1854955097263975,4.165328023225449,2.169194927478667,
CCW,map_v1/CCW/center,224,4.176839111906667,4.177528074229401,2.2065948400214026,
CCW,map_v1/CCW/center,225,4.167732592987212,4.189395920743493,2.243994752564138,
CCW,map_v1/CCW/center,226,4.158188689258181,4.200914964511249,2.2813946651068733,
CCW,map_v1/CCW/center,227,4.148220748731931,4.212069095108368,2.318794577649609,
CCW,map_v1/CCW/center,228,4.137842712474619,4.222842712474619,2.356194490192345,
CCW,map_v1/CCW/center,229,4.127069095108368,4.233220748731931,2.39359440273508,
CCW,map_v1/CCW/center,230,4.115914964511249,4.243188689258181,2.430994315277816,
CCW,map_v1/CCW/center,231,4.104395920743493,4.252732592987212,2.4683942278205517,
CCW,map_v1/CCW/center,232,4.092528074229401,4.261839111906667,2.5057941403632875,
CCW,map_v1/CCW/center,233,4.080328023225449,4.270495509726398,2.5431940529060233,
CCW,map_v1/CCW/center,234,4.067812830606135,4.278689679691314,2.5805939654487586,
CCW,map_v1/CCW/center,235,4.055,4.286410161513776,2.617993877991494,
CCW,map_v1/CCW/center,236,4.041907451309225,4.293646157401843,2.65539379053423,
CCW,map_v1/CCW/center,237,4.0285534956470235,4.300387547160968,2.6927937030769655,
CCW,map_v1/CCW/center,238,4.014956809727896,4.30662490234799,2.730193615619701,
CCW,map_v1/CCW/center,239,4.001136409746558,4.312349499457682,2.767593528162437,
CCW,map_v1/CCW/center,240,3.987111624782067,4.317553332123347,2.8049934407051724,
CCW,map_v1/CCW/center,241,3.9729020697643618,4.322229122314456,2.842393353247908,
CCW,map_v1/CCW/center,242,3.9585276180410083,4.326370330515627,2.8797932657906435,
CCW,map_v1/CCW/center,243,3.944008373582526,4.329971164872729,2.9171931783333793,
CCW,map_v1/CCW/center,244,3.9293646428651656,4.333026589293315,2.954593090876115,
CCW,map_v1/CCW/center,245,3.91461690647047,4.335532330490051,2.9919930034188504,
CCW,map_v1/CCW/center,246,3.899785790441323,4.337484883957297,3.029392915961586,
CCW,map_v1/CCW/center,247,3.88489203743457,4.338881518872472,3.0667928285043216,
CCW,map_v1/CCW/center,248,3.8699564777105304,4.339720281915359,3.1041927410470573,
CCW,map_v1/CCW/center,249,3.855,4.34,3.141592653589793,NE
CCW,map_v1/CCW/center,250,3.8400276243093923,4.34,3.141592653589793,
CCW,map_v1/CCW/center,251,3.8250552486187845,4.34,3.141592653589793,
CCW,map_v1/CCW/center,252,3.810082872928177,4.34,3.141592653589793,
CCW,map_v1/CCW/center,253,3.795110497237569,4.34,3.141592653589793,
CCW,map_v1/CCW/center,254,3.7801381215469614,4.34,3.141592653589793,
CCW,map_v1/CCW/center,255,3.7651657458563537,4.34,3.141592653589793,
CCW,map_v1/CCW/center,256,3.750193370165746,4.34,3.141592653589793,
CCW,map_v1/CCW/center,257,3.7352209944751382,4.34,3.141592653589793,
CCW,map_v1/CCW/center,258,3.7202486187845305,4.34,3.141592653589793,
CCW,map_v1/CCW/center,259,3.705276243093923,4.34,3.141592653589793,
CCW,map_v1/CCW/center,260,3.690303867403315,4.34,3.141592653589793,
CCW,map_v1/CCW/center,261,3.6753314917127073,4.34,3.141592653589793,
CCW,map_v1/CCW/center,262,3.6603591160220996,4.34,3.141592653589793,
CCW,map_v1/CCW/center,263,3.645386740331492,4.34,3.141592653589793,
CCW,map_v1/CCW/center,264,3.6304143646408837,4.34,3.141592653589793,
CCW,map_v1/CCW/center,265,3.615441988950276,4.34,3.141592653589793,
CCW,map_v1/CCW/center,266,3.6004696132596683,4.34,3.141592653589793,
CCW,map_v1/CCW/center,267,3.5854972375690606,4.34,3.141592653589793,
CCW,map_v1/CCW/center,268,3.570524861878453,4.34,3.141592653589793,
CCW,map_v1/CCW/center,269,3.555552486187845,4.34,3.141592653589793,
CCW,map_v1/CCW/center,270,3.5405801104972374,4.34,3.141592653589793,
CCW,map_v1/CCW/center,271,3.5256077348066297,4.34,3.141592653589793,
CCW,map_v1/CCW/center,272,3.510635359116022,4.34,3.141592653589793,
CCW,map_v1/CCW/center,273,3.4956629834254143,4.34,3.141592653589793,
CCW,map_v1/CCW/center,274,3.4806906077348065,4.34,3.141592653589793,
CCW,map_v1/CCW/center,275,3.465718232044199,4.34,3.141592653589793,
CCW,map_v1/CCW/center,276,3.450745856353591,4.34,3.141592653589793,
CCW,map_v1/CCW/center,277,3.4357734806629834,4.34,3.141592653589793,
CCW,map_v1/CCW/center,278,3.4208011049723757,4.34,3.141592653589793,
CCW,map_v1/CCW/center,279,3.405828729281768,4.34,3.141592653589793,
CCW,map_v1/CCW/center,280,3.39085635359116,4.34,3.141592653589793,
CCW,map_v1/CCW/center,281,3.3758839779005525,4.34,3.141592653589793,
CCW,map_v1/CCW/center,282,3.360911602209945,4.34,3.141592653589793,
CCW,map_v1/CCW/center,283,3.345939226519337,4.34,3.141592653589793,
CCW,map_v1/CCW/center,284,3.3309668508287293,4.34,3.141592653589793,
CCW,map_v1/CCW/center,285,3.3159944751381216,4.34,3.141592653589793,
CCW,map_v1/CCW/center,286,3.301022099447514,4.34,3.141592653589793,
CCW,map_v1/CCW/center,287,3.286049723756906,4.34,3.141592653589793,
CCW,map_v1/CCW/center,288,3.2710773480662985,4.34,3.141592653589793,
CCW,map_v1/CCW/center,289,3.2561049723756907,4.34,3.141592653589793,
CCW,map_v1/CCW/center,290,3.241132596685083,4.34,3.141592653589793,
CCW,map_v1/CCW/center,291,3.2261602209944753,4.34,3.141592653589793,
CCW,map_v1/CCW/center,292,3.2111878453038676,4.34,3.141592653589793,
CCW,map_v1/CCW/center,293,3.19621546961326,4.34,3.141592653589793,
CCW,map_v1/CCW/center,294,3.181243093922652,4.34,3.141592653589793,
CCW,map_v1/CCW/center,295,3.166270718232044,4.34,3.141592653589793,
CCW,map_v1/CCW/center,296,3.1512983425414367,4.34,3.141592653589793,
CCW,map_v1/CCW/center,297,3.136325966850829,4.34,3.141592653589793,
CCW,map_v1/CCW/center,298,3.1213535911602213,4.34,3.141592653589793,
CCW,map_v1/CCW/center,299,3.106381215469613,4.34,3.141592653589793,
CCW,map_v1/CCW/center,300,3.0914088397790054,4.34,3.141592653589793,
CCW,map_v1/CCW/center,301,3.0764364640883977,4.34,3.141592653589793,
CCW,map_v1/CCW/center,302,3.0614640883977904,4.34,3.141592653589793,
CCW,map_v1/CCW/center,303,3.046491712707182,4.34,3.141592653589793,
CCW,map_v1/CCW/center,304,3.0315193370165745,4.34,3.141592653589793,
CCW,map_v1/CCW/center,305,3.016546961325967,4.34,3.141592653589793,
CCW,map_v1/CCW/center,306,3.001574585635359,4.34,3.141592653589793,
CCW,map_v1/CCW/center,307,2.9866022099447513,4.34,3.141592653589793,
CCW,map_v1/CCW/center,308,2.9716298342541436,4.34,3.141592653589793,
CCW,map_v1/CCW/center,309,2.956657458563536,4.34,3.141592653589793,
CCW,map_v1/CCW/center,310,2.941685082872928,4.34,3.141592653589793,
CCW,map_v1/CCW/center,311,2.9267127071823205,4.34,3.141592653589793,
CCW,map_v1/CCW/center,312,2.9117403314917127,4.34,3.141592653589793,
CCW,map_v1/CCW/center,313,2.896767955801105,4.34,3.141592653589793,
CCW,map_v1/CCW/center,314,2.8817955801104973,4.34,3.141592653589793,
CCW,map_v1/CCW/center,315,2.8668232044198896,4.34,3.141592653589793,
CCW,map_v1/CCW/center,316,2.851850828729282,4.34,3.141592653589793,
CCW,map_v1/CCW/center,317,2.836878453038674,4.34,3.141592653589793,
CCW,map_v1/CCW/center,318,2.821906077348066,4.34,3.141592653589793,
CCW,map_v1/CCW/center,319,2.8069337016574583,4.34,3.141592653589793,
CCW,map_v1/CCW/center,320,2.7919613259668505,4.34,3.141592653589793,
CCW,map_v1/CCW/center,321,2.776988950276243,4.34,3.141592653589793,
CCW,map_v1/CCW/center,322,2.762016574585635,4.34,3.141592653589793,
CCW,map_v1/CCW/center,323,2.7470441988950274,4.34,3.141592653589793,
CCW,map_v1/CCW/center,324,2.7320718232044197,4.34,3.141592653589793,
CCW,map_v1/CCW/center,325,2.717099447513812,4.34,3.141592653589793,
CCW,map_v1/CCW/center,326,2.702127071823204,4.34,3.141592653589793,
CCW,map_v1/CCW/center,327,2.6871546961325965,4.34,3.141592653589793,
CCW,map_v1/CCW/center,328,2.672182320441989,4.34,3.141592653589793,
CCW,map_v1/CCW/center,329,2.657209944751381,4.34,3.141592653589793,
CCW,map_v1/CCW/center,330,2.6422375690607733,4.34,3.141592653589793,
CCW,map_v1/CCW/center,331,2.6272651933701656,4.34,3.141592653589793,
CCW,map_v1/CCW/center,332,2.612292817679558,4.34,3.141592653589793,
CCW,map_v1/CCW/center,333,2.59732044198895,4.34,3.141592653589793,
CCW,map_v1/CCW/center,334,2.5823480662983425,4.34,3.141592653589793,
CCW,map_v1/CCW/center,335,2.5673756906077347,4.34,3.141592653589793,
CCW,map_v1/CCW/center,336,2.552403314917127,4.34,3.141592653589793,
CCW,map_v1/CCW/center,337,2.5374309392265193,4.34,3.141592653589793,
CCW,map_v1/CCW/center,338,2.5224585635359116,4.34,3.141592653589793,
CCW,map_v1/CCW/center,339,2.507486187845304,4.34,3.141592653589793,
CCW,map_v1/CCW/center,340,2.492513812154696,4.34,3.141592653589793,
CCW,map_v1/CCW/center,341,2.4775414364640884,4.34,3.141592653589793,
CCW,map_v1/CCW/center,342,2.4625690607734807,4.34,3.141592653589793,
CCW,map_v1/CCW/center,343,2.447596685082873,4.34,3.141592653589793,
CCW,map_v1/CCW/center,344,2.4326243093922653,4.34,3.141592653589793,
CCW,map_v1/CCW/center,345,2.4176519337016575,4.34,3.141592653589793,
CCW,map_v1/CCW/center,346,2.40267955801105,4.34,3.141592653589793,
CCW,map_v1/CCW/center,347,2.387707182320442,4.34,3.141592653589793,
CCW,map_v1/CCW/center,348,2.3727348066298344,4.34,3.141592653589793,
CCW,map_v1/CCW/center,349,2.3577624309392267,4.34,3.141592653589793,
CCW,map_v1/CCW/center,350,2.342790055248619,4.34,3.141592653589793,
CCW,map_v1/CCW/center,351,2.327817679558011,4.34,3.141592653589793,
CCW,map_v1/CCW/center,352,2.3128453038674035,4.34,3.141592653589793,
CCW,map_v1/CCW/center,353,2.297872928176796,4.34,3.141592653589793,
CCW,map_v1/CCW/center,354,2.282900552486188,4.34,3.141592653589793,
CCW,map_v1/CCW/center,355,2.2679281767955803,4.34,3.141592653589793,
CCW,map_v1/CCW/center,356,2.252955801104972,4.34,3.141592653589793,
CCW,map_v1/CCW/center,357,2.2379834254143645,4.34,3.141592653589793,
CCW,map_v1/CCW/center,358,2.223011049723757,4.34,3.141592653589793,
CCW,map_v1/CCW/center,359,2.2080386740331495,4.34,3.141592653589793,
CCW,map_v1/CCW/center,360,2.1930662983425417,4.34,3.141592653589793,
CCW,map_v1/CCW/center,361,2.178093922651934,4.34,3.141592653589793,
CCW,map_v1/CCW/center,362,2.1631215469613263,4.34,3.141592653589793,
CCW,map_v1/CCW/center,363,2.1481491712707186,4.34,3.141592653589793,
CCW,map_v1/CCW/center,364,2.1331767955801104,4.34,3.141592653589793,
CCW,map_v1/CCW/center,365,2.1182044198895027,4.34,3.141592653589793,
CCW,map_v1/CCW/center,366,2.103232044198895,4.34,3.141592653589793,
CCW,map_v1/CCW/center,367,2.0882596685082873,4.34,3.141592653589793,
CCW,map_v1/CCW/center,368,2.0732872928176795,4.34,3.141592653589793,
CCW,map_v1/CCW/center,369,2.058314917127072,4.34,3.141592653589793,
CCW,map_v1/CCW/center,370,2.043342541436464,4.34,3.141592653589793,
CCW,map_v1/CCW/center,371,2.028370165745856,4.34,3.141592653589793,
CCW,map_v1/CCW/center,372,2.013397790055248,4.34,3.141592653589793,
CCW,map_v1/CCW/center,373,1.9984254143646407,4.34,3.141592653589793,
CCW,map_v1/CCW/center,374,1.9834530386740332,4.34,3.141592653589793,
CCW,map_v1/CCW/center,375,1.9684806629834255,4.34,3.141592653589793,
CCW,map_v1/CCW/center,376,1.9535082872928178,4.34,3.141592653589793,
CCW,map_v1/CCW/center,377,1.93853591160221,4.34,3.141592653589793,
CCW,map_v1/CCW/center,378,1.9235635359116023,4.34,3.141592653589793,
CCW,map_v1/CCW/center,379,1.9085911602209944,4.34,3.141592653589793,
CCW,map_v1/CCW/center,380,1.8936187845303867,4.34,3.141592653589793,
CCW,map_v1/CCW/center,381,1.878646408839779,4.34,3.141592653589793,
CCW,map_v1/CCW/center,382,1.8636740331491712,4.34,3.141592653589793,
CCW,map_v1/CCW/center,383,1.8487016574585637,4.34,3.141592653589793,
CCW,map_v1/CCW/center,384,1.833729281767956,4.34,3.141592653589793,
CCW,map_v1/CCW/center,385,1.8187569060773483,4.34,3.141592653589793,
CCW,map_v1/CCW/center,386,1.8037845303867406,4.34,3.141592653589793,
CCW,map_v1/CCW/center,387,1.7888121546961324,4.34,3.141592653589793,
CCW,map_v1/CCW/center,388,1.7738397790055247,4.34,3.141592653589793,
CCW,map_v1/CCW/center,389,1.758867403314917,4.34,3.141592653589793,
CCW,map_v1/CCW/center,390,1.7438950276243093,4.34,3.141592653589793,
CCW,map_v1/CCW/center,391,1.7289226519337015,4.34,3.141592653589793,
CCW,map_v1/CCW/center,392,1.7139502762430938,4.34,3.141592653589793,
CCW,map_v1/CCW/center,393,1.698977900552486,4.34,3.141592653589793,
CCW,map_v1/CCW/center,394,1.6840055248618784,4.34,3.141592653589793,
CCW,map_v1/CCW/center,395,1.6690331491712707,4.34,3.141592653589793,
CCW,map_v1/CCW/center,396,1.654060773480663,4.34,3.141592653589793,
CCW,map_v1/CCW/center,397,1.6390883977900552,4.34,3.141592653589793,
CCW,map_v1/CCW/center,398,1.6241160220994475,4.34,3.141592653589793,
CCW,map_v1/CCW/center,399,1.6091436464088398,4.34,3.141592653589793,
CCW,map_v1/CCW/center,400,1.594171270718232,4.34,3.141592653589793,
CCW,map_v1/CCW/center,401,1.5791988950276243,4.34,3.141592653589793,
CCW,map_v1/CCW/center,402,1.5642265193370166,4.34,3.141592653589793,
CCW,map_v1/CCW/center,403,1.549254143646409,4.34,3.141592653589793,
CCW,map_v1/CCW/center,404,1.5342817679558012,4.34,3.141592653589793,
CCW,map_v1/CCW/center,405,1.5193093922651935,4.34,3.141592653589793,
CCW,map_v1/CCW/center,406,1.5043370165745857,4.34,3.141592653589793,
CCW,map_v1/CCW/center,407,1.489364640883978,4.34,3.141592653589793,
CCW,map_v1/CCW/center,408,1.4743922651933703,4.34,3.141592653589793,
CCW,map_v1/CCW/center,409,1.4594198895027626,4.34,3.141592653589793,
CCW,map_v1/CCW/center,410,1.4444475138121549,4.34,3.141592653589793,
CCW,map_v1/CCW/center,411,1.4294751381215467,4.34,3.141592653589793,
CCW,map_v1/CCW/center,412,1.414502762430939,4.34,3.141592653589793,
CCW,map_v1/CCW/center,413,1.3995303867403313,4.34,3.141592653589793,
CCW,map_v1/CCW/center,414,1.384558011049724,4.34,3.141592653589793,
CCW,map_v1/CCW/center,415,1.3695856353591163,4.34,3.141592653589793,
CCW,map_v1/CCW/center,416,1.3546132596685085,4.34,3.141592653589793,
CCW,map_v1/CCW/center,417,1.3396408839779008,4.34,3.141592653589793,
CCW,map_v1/CCW/center,418,1.324668508287293,4.34,3.141592653589793,
CCW,map_v1/CCW/center,419,1.309696132596685,4.34,3.141592653589793,
CCW,map_v1/CCW/center,420,1.2947237569060772,4.34,3.141592653589793,
CCW,map_v1/CCW/center,421,1.2797513812154695,4.34,3.141592653589793,
CCW,map_v1/CCW/center,422,1.2647790055248618,4.34,3.141592653589793,
CCW,map_v1/CCW/center,423,1.249806629834254,4.34,3.141592653589793,
CCW,map_v1/CCW/center,424,1.2348342541436463,4.34,3.141592653589793,
CCW,map_v1/CCW/center,425,1.2198618784530386,4.34,3.141592653589793,
CCW,map_v1/CCW/center,426,1.204889502762431,4.34,3.141592653589793,
CCW,map_v1/CCW/center,427,1.1899171270718232,4.34,3.141592653589793,
CCW,map_v1/CCW/center,428,1.1749447513812155,4.34,3.141592653589793,
CCW,map_v1/CCW/center,429,1.1599723756906077,4.34,3.141592653589793,
CCW,map_v1/CCW/center,430,1.145,4.34,3.141592653589793,
CCW,map_v1/CCW/center,431,1.1300435222894698,4.339720281915359,-3.1041927410470582,
CCW,map_v1/CCW/center,432,1.1151079625654303,4.338881518872472,-3.066792828504322,
CCW,map_v1/CCW/center,433,1.1002142095586769,4.337484883957297,-3.0293929159615867,
CCW,map_v1/CCW/center,434,1.0853830935295303,4.335532330490051,-2.9919930034188513,
CCW,map_v1/CCW/center,435,1.0706353571348342,4.333026589293315,-2.954593090876115,
CCW,map_v1/CCW/center,436,1.0559916264174742,4.329971164872729,-2.9171931783333798,
CCW,map_v1/CCW/center,437,1.0414723819589917,4.326370330515627,-2.8797932657906444,
CCW,map_v1/CCW/center,438,1.0270979302356382,4.322229122314456,-2.842393353247908,
CCW,map_v1/CCW/center,439,1.0128883752179332,4.317553332123347,-2.804993440705173,
CCW,map_v1/CCW/center,440,0.9988635902534421,4.312349499457682,-2.7675935281624375,
CCW,map_v1/CCW/center,441,0.9850431902721037,4.30662490234799,-2.7301936156197018,
CCW,map_v1/CCW/center,442,0.9714465043529767,4.300387547160968,-2.6927937030769655,
CCW,map_v1/CCW/center,443,0.9580925486907752,4.293646157401843,-2.65539379053423,
CCW,map_v1/CCW/center,444,0.9450000000000001,4.286410161513776,-2.617993877991495,
CCW,map_v1/CCW/center,445,0.9321871693938655,4.278689679691314,-2.580593965448759,
CCW,map_v1/CCW/center,446,0.9196719767745511,4.270495509726398,-2.5431940529060233,
CCW,map_v1/CCW/center,447,0.9074719257705993,4.261839111906667,-2.5057941403632875,
CCW,map_v1/CCW/center,448,0.8956040792565066,4.252732592987212,-2.468394227820552,
CCW,map_v1/CCW/center,449,0.8840850354887517,4.243188689258181,-2.4309943152778164,
CCW,map_v1/CCW/center,450,0.8729309048916323,4.233220748731931,-2.393594402735081,
CCW,map_v1/CCW/center,451,0.862157287525381,4.222842712474619,-2.3561944901923453,
CCW,map_v1/CCW/center,452,0.8517792512680695,4.212069095108368,-2.31879457764961,
CCW,map_v1/CCW/center,453,0.8418113107418188,4.200914964511249,-2.2813946651068737,
CCW,map_v1/CCW/center,454,0.832267407012788,4.189395920743493,-2.2439947525641384,
CCW,map_v1/CCW/center,455,0.8231608880933327,4.177528074229401,-2.206594840021403,
CCW,map_v1/CCW/center,456,0.814504490273602,4.165328023225449,-2.169194927478667,
CCW,map_v1/CCW/center,457,0.8063103203086863,4.152812830606135,-2.131795014935931,
CCW,map_v1/CCW/center,458,0.7985898384862247,4.14,-2.094395102393196,
CCW,map_v1/CCW/center,459,0.7913538425981561,4.126907451309225,-2.05699518985046,
CCW,map_v1/CCW/center,460,0.7846124528390324,4.113553495647023,-2.0195952773077246,
CCW,map_v1/CCW/center,461,0.7783750976520096,4.099956809727897,-1.982195364764989,
CCW,map_v1/CCW/center,462,0.7726505005423183,4.086136409746558,-1.9447954522222528,
CCW,map_v1/CCW/center,463,0.7674466678766529,4.072111624782067,-1.9073955396795175,
CCW,map_v1/CCW/center,464,0.7627708776855437,4.057902069764362,-1.8699956271367812,
CCW,map_v1/CCW/center,465,0.7586296694843727,4.043527618041009,-1.832595714594046,
CCW,map_v1/CCW/center,466,0.7550288351272705,4.029008373582526,-1.7951958020513106,
CCW,map_v1/CCW/center,467,0.7519734107066847,4.014364642865166,-1.7577958895085752,
CCW,map_v1/CCW/center,468,0.7494676695099486,3.99961690647047,-1.72039597696584,
CCW,map_v1/CCW/center,469,0.7475151160427029,3.984785790441323,-1.6829960644231037,
CCW,map_v1/CCW/center,470,0.7461184811275279,3.96989203743457,-1.6455961518803683,
CCW,map_v1/CCW/center,471,0.7452797180846407,3.9549564777105304,-1.6081962393376321,
CCW,map_v1/CCW/center,472,0.745,3.94,-1.5707963267948968,NW
CCW,map_v1/CCW/center,473,0.745,3.925,-1.5707963267948966,
CCW,map_v1/CCW/center,474,0.745,3.91,-1.5707963267948966,
CCW,map_v1/CCW/center,475,0.745,3.895,-1.5707963267948966,
CCW,map_v1/CCW/center,476,0.745,3.88,-1.5707963267948966,
CCW,map_v1/CCW/center,477,0.745,3.8649999999999998,-1.5707963267948966,
CCW,map_v1/CCW/center,478,0.745,3.85,-1.5707963267948966,
CCW,map_v1/CCW/center,479,0.745,3.835,-1.5707963267948966,
CCW,map_v1/CCW/center,480,0.745,3.82,-1.5707963267948966,
CCW,map_v1/CCW/center,481,0.745,3.805,-1.5707963267948966,
CCW,map_v1/CCW/center,482,0.745,3.79,-1.5707963267948966,
CCW,map_v1/CCW/center,483,0.745,3.775,-1.5707963267948966,
CCW,map_v1/CCW/center,484,0.745,3.76,-1.5707963267948966,
CCW,map_v1/CCW/center,485,0.745,3.745,-1.5707963267948966,
CCW,map_v1/CCW/center,486,0.745,3.73,-1.5707963267948966,
CCW,map_v1/CCW/center,487,0.745,3.715,-1.5707963267948966,
CCW,map_v1/CCW/center,488,0.745,3.7,-1.5707963267948966,
CCW,map_v1/CCW/center,489,0.745,3.685,-1.5707963267948966,
CCW,map_v1/CCW/center,490,0.745,3.67,-1.5707963267948966,
CCW,map_v1/CCW/center,491,0.745,3.6550000000000002,-1.5707963267948966,
CCW,map_v1/CCW/center,492,0.745,3.64,-1.5707963267948966,
CCW,map_v1/CCW/center,493,0.745,3.625,-1.5707963267948966,
CCW,map_v1/CCW/center,494,0.745,3.6100000000000003,-1.5707963267948966,
CCW,map_v1/CCW/center,495,0.745,3.595,-1.5707963267948966,
CCW,map_v1/CCW/center,496,0.745,3.58,-1.5707963267948966,
CCW,map_v1/CCW/center,497,0.7452797180846407,3.5650435222894696,-1.5333964142521614,
CCW,map_v1/CCW/center,498,0.7461184811275279,3.5501079625654306,-1.495996501709426,
CCW,map_v1/CCW/center,499,0.7475151160427029,3.535214209558677,-1.4585965891666899,
CCW,map_v1/CCW/center,500,0.7494676695099486,3.52038309352953,-1.4211966766239537,
CCW,map_v1/CCW/center,501,0.7519734107066847,3.5056353571348344,-1.3837967640812183,
CCW,map_v1/CCW/center,502,0.7550288351272705,3.4909916264174745,-1.346396851538483,
CCW,map_v1/CCW/center,503,0.7586296694843726,3.4764723819589918,-1.3089969389957476,
CCW,map_v1/CCW/center,504,0.7627708776855437,3.4620979302356387,-1.2715970264530123,
CCW,map_v1/CCW/center,505,0.7674466678766529,3.4478883752179335,-1.234197113910276,
CCW,map_v1/CCW/center,506,0.7726505005423183,3.4338635902534422,-1.1967972013675399,
CCW,map_v1/CCW/center,507,0.7783750976520094,3.4200431902721036,-1.1593972888248045,
CCW,map_v1/CCW/center,508,0.7846124528390324,3.406446504352977,-1.1219973762820692,
CCW,map_v1/CCW/center,509,0.7913538425981561,3.3930925486907753,-1.0845974637393339,
CCW,map_v1/CCW/center,510,0.7985898384862244,3.3800000000000003,-1.0471975511965985,
CCW,map_v1/CCW/center,511,0.8063103203086863,3.3671871693938655,-1.0097976386538623,
CCW,map_v1/CCW/center,512,0.814504490273602,3.354671976774551,-0.9723977261111261,
CCW,map_v1/CCW/center,513,0.8231608880933328,3.3424719257705995,-0.9349978135683907,
CCW,map_v1/CCW/center,514,0.832267407012788,3.330604079256507,-0.8975979010256554,
CCW,map_v1/CCW/center,515,0.8418113107418187,3.319085035488752,-0.8601979884829202,
CCW,map_v1/CCW/center,516,0.8517792512680693,3.3079309048916326,-0.8227980759401847,
CCW,map_v1/CCW/center,517,0.8621572875253809,3.297157287525381,-0.7853981633974485,
CCW,map_v1/CCW/center,518,0.872930904891632,3.2867792512680696,-0.7479982508547132,
CCW,map_v1/CCW/center,519,0.8840850354887515,3.276811310741819,-0.7105983383119769,
CCW,map_v1/CCW/center,520,0.8956040792565065,3.2672674070127883,-0.6731984257692416,
CCW,map_v1/CCW/center,521,0.9074719257705992,3.258160888093333,-0.6357985132265063,
CCW,map_v1/CCW/center,522,0.9196719767745513,3.249504490273602,-0.59839860068377,
CCW,map_v1/CCW/center,523,0.9321871693938654,3.2413103203086866,-0.5609986881410348,
CCW,map_v1/CCW/center,524,0.9449999999999998,3.2335898384862247,-0.5235987755982994,
CCW,map_v1/CCW/center,525,0.9580925486907752,3.226353842598156,-0.4861988630555632,
CCW,map_v1/CCW/center,526,0.9714465043529767,3.2196124528390326,-0.44879895051282787,
CCW,map_v1/CCW/center,527,0.9850431902721034,3.2133750976520097,-0.41139903797009253,
CCW,map_v1/CCW/center,528,0.9988635902534421,3.2076505005423184,-0.37399912542735625,
CCW,map_v1/CCW/center,529,1.0128883752179332,3.202446667876653,-0.33659921288462097,
CCW,map_v1/CCW/center,530,1.0270979302356384,3.1977708776855436,-0.29919930034188474,
CCW,map_v1/CCW/center,531,1.0414723819589917,3.193629669484373,-0.26179938779914935,
CCW,map_v1/CCW/center,532,1.0559916264174742,3.1900288351272708,-0.22439947525641404,
CCW,map_v1/CCW/center,533,1.070635357134834,3.1869734107066847,-0.1869995627136787,
CCW,map_v1/CCW/center,534,1.0853830935295299,3.1844676695099485,-0.14959965017094337,
CCW,map_v1/CCW/center,535,1.1002142095586769,3.182515116042703,-0.11219973762820713,
CCW,map_v1/CCW/center,536,1.11510796256543,3.181118481127528,-0.07479982508547181,
CCW,map_v1/CCW/center,537,1.1300435222894698,3.1802797180846407,-0.03739991254273558,
CCW,map_v1/CCW/center,538,1.145,3.18,-2.4492935982947064e-16,SW
CCW,map_v1/CCW/center,539,1.16,3.18,0.0,
CCW,map_v1/CCW/center,540,1.175,3.18,0.0,
CCW,map_v1/CCW/center,541,1.19,3.18,0.0,
CCW,map_v1/CCW/center,542,1.205,3.18,0.0,
CCW,map_v1/CCW/center,543,1.22,3.18,0.0,
CCW,map_v1/CCW/center,544,1.235,3.18,0.0,
CCW,map_v1/CCW/center,545,1.25,3.18,0.0,
CCW,map_v1/CCW/center,546,1.265,3.18,0.0,
CCW,map_v1/CCW/center,547,1.28,3.18,0.0,
CCW,map_v1/CCW/center,548,1.295,3.18,0.0,
CCW,map_v1/CCW/center,549,1.31,3.18,0.0,
CCW,map_v1/CCW/center,550,1.325,3.18,0.0,
CCW,map_v1/CCW/center,551,1.34,3.18,0.0,
CCW,map_v1/CCW/center,552,1.355,3.18,0.0,
CCW,map_v1/CCW/center,553,1.37,3.18,0.0,
CCW,map_v1/CCW/center,554,1.385,3.18,0.0,
CCW,map_v1/CCW/center,555,1.4,3.18,0.0,
CCW,map_v1/CCW/center,556,1.415,3.18,0.0,
CCW,map_v1/CCW/center,557,1.43,3.18,0.0,
CCW,map_v1/CCW/center,558,1.4449999999999998,3.18,0.0,
CCW,map_v1/CCW/center,559,1.46,3.18,0.0,
CCW,map_v1/CCW/center,560,1.475,3.18,0.0,
CCW,map_v1/CCW/center,561,1.49,3.18,0.0,
CCW,map_v1/CCW/center,562,1.505,3.18,0.0,
CCW,map_v1/CCW/center,563,1.52,3.18,0.0,
CCW,map_v1/CCW/center,564,1.535,3.18,0.0,
CCW,map_v1/CCW/center,565,1.55,3.18,0.0,
CCW,map_v1/CCW/center,566,1.565,3.18,0.0,
CCW,map_v1/CCW/center,567,1.58,3.18,0.0,
CCW,map_v1/CCW/center,568,1.595,3.18,0.0,
CCW,map_v1/CCW/center,569,1.6099999999999999,3.18,0.0,
CCW,map_v1/CCW/center,570,1.625,3.18,0.0,
CCW,map_v1/CCW/center,571,1.64,3.18,0.0,
CCW,map_v1/CCW/center,572,1.655,3.18,0.0,
CCW,map_v1/CCW/center,573,1.67,3.18,0.0,
CCW,map_v1/CCW/center,574,1.685,3.18,0.0,
CCW,map_v1/CCW/center,575,1.7,3.18,0.0,
CCW,map_v1/CCW/center,576,1.7149999999999999,3.18,0.0,
CCW,map_v1/CCW/center,577,1.73,3.18,0.0,
CCW,map_v1/CCW/center,578,1.7449999999999999,3.18,0.0,
CCW,map_v1/CCW/center,579,1.7599999999999998,3.18,0.0,
CCW,map_v1/CCW/center,580,1.775,3.18,0.0,
CCW,map_v1/CCW/center,581,1.79,3.18,0.0,
CCW,map_v1/CCW/center,582,1.805,3.18,0.0,
CCW,map_v1/CCW/center,583,1.8199999999999998,3.18,0.0,
CCW,map_v1/CCW/center,584,1.835,3.18,0.0,
CCW,map_v1/CCW/center,585,1.85,3.18,0.0,
CCW,map_v1/CCW/center,586,1.8649999999999998,3.18,0.0,
CCW,map_v1/CCW/center,587,1.88,3.18,0.0,
CCW,map_v1/CCW/center,588,1.895,3.18,0.0,
CCW,map_v1/CCW/center,589,1.91,3.18,0.0,
CCW,map_v1/CCW/center,590,1.9249999999999998,3.18,0.0,
CCW,map_v1/CCW/center,591,1.94,3.18,0.0,
CCW,map_v1/CCW/center,592,1.955,3.18,0.0,
CCW,map_v1/CCW/center,593,1.97,3.18,0.0,
CCW,map_v1/CCW/center,594,1.9849999999999999,3.18,0.0,
CCW,map_v1/CCW/center,595,2.0,3.18,0.0,
CCW,map_v1/CCW/center,596,2.0149999999999997,3.18,0.0,
CCW,map_v1/CCW/center,597,2.03,3.18,0.0,
CCW,map_v1/CCW/center,598,2.045,3.18,0.0,
CCW,map_v1/CCW/center,599,2.0599999999999996,3.18,0.0,
CCW,map_v1/CCW/center,600,2.075,3.18,0.0,
CCW,map_v1/CCW/center,601,2.09,3.18,0.0,
CCW,map_v1/CCW/center,602,2.105,3.18,0.0,
CCW,map_v1/CCW/center,603,2.12,3.18,0.0,
CCW,map_v1/CCW/center,604,2.135,3.18,0.0,
CCW,map_v1/CCW/center,605,2.15,3.18,0.0,C_RING_COMPLETE|RETURN_SPLIT
CCW,map_v1/CCW/center,606,2.164854421118652,3.1796846381716386,-0.042453954778240544,
CCW,map_v1/CCW/center,607,2.179682073566428,3.178739120989884,-0.08490790955648087,
CCW,map_v1/CCW/center,608,2.1944562369114076,3.177165152340607,-0.1273618643347214,
CCW,map_v1/CCW/center,609,2.209150287112647,3.174965568621698,-0.16981581911296173,
CCW,map_v1/CCW/center,610,2.223737744498504,3.17214433363169,-0.21226977389120227,
CCW,map_v1/CCW/center,611,2.2381923214847936,3.1687065314267246,-0.2547237286694428,
CCW,map_v1/CCW/center,612,2.2524879699467926,3.164658357158738,-0.29717768344768314,
CCW,map_v1/CCW/center,613,2.26659892815972,3.1600071059113795,-0.33963163822592346,
CCW,map_v1/CCW/center,614,2.280499767223108,3.1547611595537783,-0.382085593004164,
CCW,map_v1/CCW/center,615,2.294165436885397,3.1489299716358476,-0.42453954778240455,
CCW,map_v1/CCW/center,616,2.3075713106861855,3.142524050352349,-0.46699350256064487,
CCW,map_v1/CCW/center,617,2.320693230334772,3.1355549396064157,-0.5094474573388854,
CCW,map_v1/CCW/center,618,2.333507549245031,3.1280351982066588,-0.5519014121171256,
CCW,map_v1/CCW/center,619,2.3459911751481584,3.119978377235345,-0.5943553668953662,
CCW,map_v1/CCW/center,620,2.3581216117065003,3.1113989956284294,-0.6368093216736067,
CCW,map_v1/CCW/center,621,2.3698769990534747,3.102312514011454,-0.6792632764518471,
CCW,map_v1/CCW/center,622,2.3812361531865283,3.0927353068384535,-0.7217172312300877,
CCW,map_v1/CCW/center,623,2.392178604142141,3.082684632884084,-0.764171186008328,
CCW,map_v1/CCW/center,624,2.4026846328840836,3.0721786041421413,-0.8066251407865684,
CCW,map_v1/CCW/center,625,2.4127353068384534,3.0612361531865284,-0.849079095564809,
CCW,map_v1/CCW/center,626,2.4223125140114536,3.049876999053475,-0.8915330503430494,
CCW,map_v1/CCW/center,627,2.431398995628429,3.0381216117065004,-0.9339870051212897,
CCW,map_v1/CCW/center,628,2.4399783772353447,3.0259911751481585,-0.9764409598995303,
CCW,map_v1/CCW/center,629,2.448035198206659,3.013507549245031,-1.0188949146777708,
CCW,map_v1/CCW/center,630,2.4555549396064156,3.000693230334772,-1.0613488694560111,
CCW,map_v1/CCW/center,631,2.4625240503523487,2.9875713106861856,-1.1038028242342517,
CCW,map_v1/CCW/center,632,2.4689299716358475,2.9741654368853974,-1.146256779012492,
CCW,map_v1/CCW/center,633,2.474761159553778,2.960499767223108,-1.1887107337907326,
CCW,map_v1/CCW/center,634,2.4800071059113793,2.94659892815972,-1.231164688568973,
CCW,map_v1/CCW/center,635,2.4846583571587377,2.9324879699467927,-1.2736186433472134,
CCW,map_v1/CCW/center,636,2.4887065314267245,2.918192321484794,-1.3160725981254537,
CCW,map_v1/CCW/center,637,2.49214433363169,2.903737744498504,-1.3585265529036943,
CCW,map_v1/CCW/center,638,2.494965568621698,2.8891502871126473,-1.4009805076819348,
CCW,map_v1/CCW/center,639,2.4971651523406067,2.8744562369114077,-1.4434344624601754,
CCW,map_v1/CCW/center,640,2.4987391209898844,2.8596820735664283,-1.4858884172384157,
CCW,map_v1/CCW/center,641,2.4996846381716384,2.844854421118652,-1.528342372016656,
CCW,map_v1/CCW/center,642,2.5,2.83,-1.5707963267948966,
CCW,map_v1/CCW/center,643,2.5,2.8156521739130436,-1.5707963267948966,
CCW,map_v1/CCW/center,644,2.5,2.801304347826087,-1.5707963267948966,
CCW,map_v1/CCW/center,645,2.5,2.7869565217391306,-1.5707963267948966,
CCW,map_v1/CCW/center,646,2.5,2.772608695652174,-1.5707963267948966,
CCW,map_v1/CCW/center,647,2.5,2.7582608695652175,-1.5707963267948966,
CCW,map_v1/CCW/center,648,2.5,2.743913043478261,-1.5707963267948966,
CCW,map_v1/CCW/center,649,2.5,2.7295652173913045,-1.5707963267948966,
CCW,map_v1/CCW/center,650,2.5,2.715217391304348,-1.5707963267948966,
CCW,map_v1/CCW/center,651,2.5,2.7008695652173915,-1.5707963267948966,
CCW,map_v1/CCW/center,652,2.5,2.686521739130435,-1.5707963267948966,
CCW,map_v1/CCW/center,653,2.5,2.672173913043478,-1.5707963267948966,
CCW,map_v1/CCW/center,654,2.5,2.657826086956522,-1.5707963267948966,
CCW,map_v1/CCW/center,655,2.5,2.643478260869565,-1.5707963267948966,
CCW,map_v1/CCW/center,656,2.5,2.6291304347826085,-1.5707963267948966,
CCW,map_v1/CCW/center,657,2.5,2.614782608695652,-1.5707963267948966,
CCW,map_v1/CCW/center,658,2.5,2.6004347826086955,-1.5707963267948966,
CCW,map_v1/CCW/center,659,2.5,2.586086956521739,-1.5707963267948966,
CCW,map_v1/CCW/center,660,2.5,2.5717391304347825,-1.5707963267948966,
CCW,map_v1/CCW/center,661,2.5,2.557391304347826,-1.5707963267948966,
CCW,map_v1/CCW/center,662,2.5,2.5430434782608695,-1.5707963267948966,
CCW,map_v1/CCW/center,663,2.5,2.528695652173913,-1.5707963267948966,
CCW,map_v1/CCW/center,664,2.5,2.5143478260869565,-1.5707963267948966,
CCW,map_v1/CCW/center,665,2.5,2.5,-1.5707963267948966,GATE_OUT
CCW,map_v1/CCW/outer,0,2.5,2.3,1.5707963267948966,GATE_BEGIN
CCW,map_v1/CCW/outer,1,2.5,2.314285714285714,1.5707963267948966,
CCW,map_v1/CCW/outer,2,2.5,2.3285714285714283,1.5707963267948966,
CCW,map_v1/CCW/outer,3,2.5,2.3428571428571425,1.5707963267948966,
CCW,map_v1/CCW/outer,4,2.5,2.357142857142857,1.5707963267948966,
CCW,map_v1/CCW/outer,5,2.5,2.3714285714285714,1.5707963267948966,
CCW,map_v1/CCW/outer,6,2.5,2.3857142857142857,1.5707963267948966,
CCW,map_v1/CCW/outer,7,2.5,2.4,1.5707963267948966,
CCW,map_v1/CCW/outer,8,2.5,2.414285714285714,1.5707963267948966,
CCW,map_v1/CCW/outer,9,2.5,2.4285714285714284,1.5707963267948966,
CCW,map_v1/CCW/outer,10,2.5,2.4428571428571426,1.5707963267948966,
CCW,map_v1/CCW/outer,11,2.5,2.4571428571428573,1.5707963267948966,
CCW,map_v1/CCW/outer,12,2.5,2.4714285714285715,1.5707963267948966,
CCW,map_v1/CCW/outer,13,2.5,2.4857142857142858,1.5707963267948966,
CCW,map_v1/CCW/outer,14,2.5,2.5,1.5707963267948966,GATE
CCW,map_v1/CCW/outer,15,2.5,2.5142857142857142,1.5707963267948966,
CCW,map_v1/CCW/outer,16,2.5,2.5285714285714285,1.5707963267948966,
CCW,map_v1/CCW/outer,17,2.5,2.5428571428571427,1.5707963267948966,
CCW,map_v1/CCW/outer,18,2.5,2.5571428571428574,1.5707963267948966,
CCW,map_v1/CCW/outer,19,2.5,2.5714285714285716,1.5707963267948966,
CCW,map_v1/CCW/outer,20,2.5,2.585714285714286,1.5707963267948966,
CCW,map_v1/CCW/outer,21,2.5,2.6,1.5707963267948966,
CCW,map_v1/CCW/outer,22,2.5,2.6142857142857143,1.5707963267948966,
CCW,map_v1/CCW/outer,23,2.5,2.6285714285714286,1.5707963267948966,
CCW,map_v1/CCW/outer,24,2.5,2.642857142857143,1.5707963267948966,
CCW,map_v1/CCW/outer,25,2.5,2.6571428571428575,1.5707963267948966,
CCW,map_v1/CCW/outer,26,2.5,2.6714285714285717,1.5707963267948966,
CCW,map_v1/CCW/outer,27,2.5,2.685714285714286,1.5707963267948966,
CCW,map_v1/CCW/outer,28,2.5,2.7,1.5707963267948966,
CCW,map_v1/CCW/outer,29,2.5,2.7142857142857144,1.5707963267948966,
CCW,map_v1/CCW/outer,30,2.5,2.7285714285714286,1.5707963267948966,
CCW,map_v1/CCW/outer,31,2.5,2.742857142857143,1.5707963267948966,
CCW,map_v1/CCW/outer,32,2.5,2.757142857142857,1.5707963267948966,
CCW,map_v1/CCW/outer,33,2.5,2.771428571428572,1.5707963267948966,
CCW,map_v1/CCW/outer,34,2.5,2.785714285714286,1.5707963267948966,
CCW,map_v1/CCW/outer,35,2.5,2.8000000000000003,1.5707963267948966,TURN_ENTRY
CCW,map_v1/CCW/outer,36,2.5003153618283616,2.8148544211186524,1.528342372016656,
CCW,map_v1/CCW/outer,37,2.5012608790101156,2.8296820735664285,1.4858884172384155,
CCW,map_v1/CCW/outer,38,2.5028348476593933,2.844456236911408,1.4434344624601754,
CCW,map_v1/CCW/outer,39,2.505034431378302,2.8591502871126475,1.4009805076819348,
CCW,map_v1/CCW/outer,40,2.50785566636831,2.8737377444985044,1.3585265529036943,
CCW,map_v1/CCW/outer,41,2.5112934685732755,2.888192321484794,1.3160725981254537,
CCW,map_v1/CCW/outer,42,2.5153416428412623,2.902487969946793,1.2736186433472136,
CCW,map_v1/CCW/outer,43,2.5199928940886207,2.91659892815972,1.231164688568973,
CCW,map_v1/CCW/outer,44,2.525238840446222,2.9304997672231083,1.1887107337907326,
CCW,map_v1/CCW/outer,45,2.5310700283641525,2.9441654368853976,1.146256779012492,
CCW,map_v1/CCW/outer,46,2.5374759496476513,2.957571310686186,1.1038028242342515,
CCW,map_v1/CCW/outer,47,2.5444450603935844,2.9706932303347724,1.061348869456011,
CCW,map_v1/CCW/outer,48,2.551964801793341,2.983507549245031,1.0188949146777708,
CCW,map_v1/CCW/outer,49,2.5600216227646553,2.9959911751481587,0.9764409598995303,
CCW,map_v1/CCW/outer,50,2.568601004371571,3.0081216117065006,0.9339870051212897,
CCW,map_v1/CCW/outer,51,2.5776874859885464,3.019876999053475,0.8915330503430496,
CCW,map_v1/CCW/outer,52,2.5872646931615466,3.0312361531865286,0.8490790955648091,
CCW,map_v1/CCW/outer,53,2.5973153671159164,3.0421786041421415,0.8066251407865686,
CCW,map_v1/CCW/outer,54,2.607821395857859,3.052684632884084,0.764171186008328,
CCW,map_v1/CCW/outer,55,2.6187638468134717,3.0627353068384537,0.7217172312300875,
CCW,map_v1/CCW/outer,56,2.6301230009465253,3.072312514011454,0.679263276451847,
CCW,map_v1/CCW/outer,57,2.6418783882934997,3.0813989956284296,0.6368093216736068,
CCW,map_v1/CCW/outer,58,2.6540088248518416,3.089978377235345,0.5943553668953662,
CCW,map_v1/CCW/outer,59,2.666492450754969,3.0980351982066594,0.5519014121171256,
CCW,map_v1/CCW/outer,60,2.679306769665228,3.105554939606416,0.5094474573388856,
CCW,map_v1/CCW/outer,61,2.6924286893138145,3.112524050352349,0.46699350256064515,
CCW,map_v1/CCW/outer,62,2.705834563114603,3.118929971635848,0.42453954778240455,
CCW,map_v1/CCW/outer,63,2.719500232776892,3.1247611595537785,0.382085593004164,
CCW,map_v1/CCW/outer,64,2.73340107184028,3.1300071059113797,0.33963163822592346,
CCW,map_v1/CCW/outer,65,2.7475120300532074,3.134658357158738,0.29717768344768314,
CCW,map_v1/CCW/outer,66,2.7618076785152064,3.138706531426725,0.2547237286694428,
CCW,map_v1/CCW/outer,67,2.776262255501496,3.1421443336316903,0.21226977389120227,
CCW,map_v1/CCW/outer,68,2.790849712887353,3.144965568621698,0.16981581911296173,
CCW,map_v1/CCW/outer,69,2.8055437630885924,3.147165152340607,0.1273618643347212,
CCW,map_v1/CCW/outer,70,2.820317926433572,3.1487391209898847,0.08490790955648087,
CCW,map_v1/CCW/outer,71,2.835145578881348,3.149684638171639,0.042453954778240544,
CCW,map_v1/CCW/outer,72,2.85,3.1500000000000004,0.0,SPLIT|C_RING_ENTRY
CCW,map_v1/CCW/outer,73,2.865,3.1500000000000004,0.0,
CCW,map_v1/CCW/outer,74,2.88,3.1500000000000004,0.0,
CCW,map_v1/CCW/outer,75,2.895,3.1500000000000004,0.0,
CCW,map_v1/CCW/outer,76,2.91,3.1500000000000004,0.0,
CCW,map_v1/CCW/outer,77,2.9250000000000003,3.1500000000000004,0.0,
CCW,map_v1/CCW/outer,78,2.94,3.1500000000000004,0.0,
CCW,map_v1/CCW/outer,79,2.955,3.1500000000000004,0.0,
CCW,map_v1/CCW/outer,80,2.97,3.1500000000000004,0.0,
CCW,map_v1/CCW/outer,81,2.985,3.1500000000000004,0.0,
CCW,map_v1/CCW/outer,82,3.0,3.1500000000000004,0.0,
CCW,map_v1/CCW/outer,83,3.015,3.1500000000000004,0.0,
CCW,map_v1/CCW/outer,84,3.0300000000000002,3.1500000000000004,0.0,
CCW,map_v1/CCW/outer,85,3.045,3.1500000000000004,0.0,
CCW,map_v1/CCW/outer,86,3.06,3.1500000000000004,0.0,
CCW,map_v1/CCW/outer,87,3.075,3.1500000000000004,0.0,
CCW,map_v1/CCW/outer,88,3.09,3.1500000000000004,0.0,
CCW,map_v1/CCW/outer,89,3.105,3.1500000000000004,0.0,
CCW,map_v1/CCW/outer,90,3.12,3.1500000000000004,0.0,
CCW,map_v1/CCW/outer,91,3.1350000000000002,3.1500000000000004,0.0,
CCW,map_v1/CCW/outer,92,3.15,3.1500000000000004,0.0,
CCW,map_v1/CCW/outer,93,3.165,3.1500000000000004,0.0,
CCW,map_v1/CCW/outer,94,3.18,3.1500000000000004,0.0,
CCW,map_v1/CCW/outer,95,3.1950000000000003,3.1500000000000004,0.0,
CCW,map_v1/CCW/outer,96,3.21,3.1500000000000004,0.0,
CCW,map_v1/CCW/outer,97,3.225,3.1500000000000004,0.0,
CCW,map_v1/CCW/outer,98,3.24,3.1500000000000004,0.0,
CCW,map_v1/CCW/outer,99,3.255,3.1500000000000004,0.0,
CCW,map_v1/CCW/outer,100,3.27,3.1500000000000004,0.0,
CCW,map_v1/CCW/outer,101,3.285,3.1500000000000004,0.0,
CCW,map_v1/CCW/outer,102,3.3,3.1500000000000004,0.0,
CCW,map_v1/CCW/outer,103,3.315,3.1500000000000004,0.0,
CCW,map_v1/CCW/outer,104,3.33,3.1500000000000004,0.0,
CCW,map_v1/CCW/outer,105,3.345,3.1500000000000004,0.0,
CCW,map_v1/CCW/outer,106,3.3600000000000003,3.1500000000000004,0.0,
CCW,map_v1/CCW/outer,107,3.375,3.1500000000000004,0.0,
CCW,map_v1/CCW/outer,108,3.39,3.1500000000000004,0.0,
CCW,map_v1/CCW/outer,109,3.4050000000000002,3.1500000000000004,0.0,
CCW,map_v1/CCW/outer,110,3.42,3.1500000000000004,0.0,
CCW,map_v1/CCW/outer,111,3.435,3.1500000000000004,0.0,
CCW,map_v1/CCW/outer,112,3.45,3.1500000000000004,0.0,
CCW,map_v1/CCW/outer,113,3.465,3.1500000000000004,0.0,
CCW,map_v1/CCW/outer,114,3.48,3.1500000000000004,0.0,
CCW,map_v1/CCW/outer,115,3.495,3.1500000000000004,0.0,
CCW,map_v1/CCW/outer,116,3.51,3.1500000000000004,0.0,
CCW,map_v1/CCW/outer,117,3.525,3.1500000000000004,0.0,
CCW,map_v1/CCW/outer,118,3.54,3.1500000000000004,0.0,
CCW,map_v1/CCW/outer,119,3.555,3.1500000000000004,0.0,
CCW,map_v1/CCW/outer,120,3.57,3.1500000000000004,0.0,
CCW,map_v1/CCW/outer,121,3.585,3.1500000000000004,0.0,
CCW,map_v1/CCW/outer,122,3.6,3.1500000000000004,0.0,
CCW,map_v1/CCW/outer,123,3.615,3.1500000000000004,0.0,
CCW,map_v1/CCW/outer,124,3.63,3.1500000000000004,0.0,
CCW,map_v1/CCW/outer,125,3.645,3.1500000000000004,0.0,
CCW,map_v1/CCW/outer,126,3.66,3.1500000000000004,0.0,
CCW,map_v1/CCW/outer,127,3.675,3.1500000000000004,0.0,
CCW,map_v1/CCW/outer,128,3.69,3.1500000000000004,0.0,
CCW,map_v1/CCW/outer,129,3.705,3.1500000000000004,0.0,
CCW,map_v1/CCW/outer,130,3.7199999999999998,3.1500000000000004,0.0,
CCW,map_v1/CCW/outer,131,3.735,3.1500000000000004,0.0,
CCW,map_v1/CCW/outer,132,3.75,3.1500000000000004,0.0,
CCW,map_v1/CCW/outer,133,3.7649999999999997,3.1500000000000004,0.0,
CCW,map_v1/CCW/outer,134,3.7800000000000002,3.1500000000000004,0.0,
CCW,map_v1/CCW/outer,135,3.795,3.1500000000000004,0.0,
CCW,map_v1/CCW/outer,136,3.81,3.1500000000000004,0.0,
CCW,map_v1/CCW/outer,137,3.825,3.1500000000000004,0.0,
CCW,map_v1/CCW/outer,138,3.84,3.1500000000000004,0.0,
CCW,map_v1/CCW/outer,139,3.855,3.1500000000000004,0.0,
CCW,map_v1/CCW/outer,140,3.869680677379966,3.1502506803825456,0.03414774623467176,
CCW,map_v1/CCW/outer,141,3.8843442377468085,3.1510024292480687,0.0682954924693433,
CCW,map_v1/CCW/outer,142,3.8989735840450748,3.1522543700910197,0.10244323870401506,
CCW,map_v1/CCW/outer,143,3.913551659111386,3.1540050432043785,0.1365909849386866,
CCW,map_v1/CCW/outer,144,3.9280614655623265,3.156252407381606,0.17073873117335836,
CCW,map_v1/CCW/outer,145,3.9424860856126327,3.1589938422966015,0.2048864774080299,
CCW,map_v1/CCW/outer,146,3.956808700800572,3.162226151558886,0.2390342236427017,
CCW,map_v1/CCW/outer,147,3.9710126115975206,3.165945566440447,0.2731819698773732,
CCW,map_v1/CCW/outer,148,3.9850812568788627,3.170147750269911,0.30732971611204496,
CCW,map_v1/CCW/outer,149,3.9989982332335243,3.174827803488908,0.3414774623467167,
CCW,map_v1/CCW/outer,150,4.012747314089614,3.1799802693647323,0.37562520858138826,
CCW,map_v1/CCW/outer,151,4.026312468633884,3.1855991403526556,0.40977295481606,
CCW,map_v1/CCW/outer,152,4.039677880502936,3.191677865100451,0.44392070105073156,
CCW,map_v1/CCW/outer,153,4.052827966224395,3.1982093560869793,0.4780684472854033,
CCW,map_v1/CCW/outer,154,4.065747393386547,3.2051859978859176,0.5122161935200751,
CCW,map_v1/CCW/outer,155,4.0784210985152365,3.2125996560450103,0.5463639397547466,
CCW,map_v1/CCW/outer,156,4.090834304637207,3.220441686570475,0.5805116859894184,
CCW,map_v1/CCW/outer,157,4.102972538509393,3.2287029460055106,0.6146594322240899,
CCW,map_v1/CCW/outer,158,4.114821647494071,3.2373738020911613,0.6488071784587616,
CCW,map_v1/CCW/outer,159,4.126367816060203,3.2464441449971,0.6829549246934333,
CCW,map_v1/CCW/outer,160,4.137597581891728,3.2559033991092354,0.717102670928105,
CCW,map_v1/CCW/outer,161,4.148497851584021,3.265740535360407,0.7512504171627765,
CCW,map_v1/CCW/outer,162,4.159055915910216,3.275944084089785,0.7853981633974483,
CCW,map_v1/CCW/outer,163,4.169259464639594,3.286502148415979,0.8195459096321199,
CCW,map_v1/CCW/outer,164,4.179096600890765,3.2974024181082724,0.8536936558667918,
CCW,map_v1/CCW/outer,165,4.1885558550029005,3.308632183939798,0.8878414021014633,
CCW,map_v1/CCW/outer,166,4.197626197908839,3.3201783525059296,0.9219891483361349,
CCW,map_v1/CCW/outer,167,4.20629705399449,3.3320274614906076,0.9561368945708065,
CCW,map_v1/CCW/outer,168,4.214558313429526,3.3441656953627934,0.9902846408054783,
CCW,map_v1/CCW/outer,169,4.22240034395499,3.356578901484764,1.02443238704015,
CCW,map_v1/CCW/outer,170,4.229814002114083,3.369252606613453,1.0585801332748215,
CCW,map_v1/CCW/outer,171,4.236790643913022,3.382172033775605,1.0927278795094932,
CCW,map_v1/CCW/outer,172,4.243322134899549,3.3953221194970653,1.126875625744165,
CCW,map_v1/CCW/outer,173,4.249400859647345,3.408687531366117,1.1610233719788368,
CCW,map_v1/CCW/outer,174,4.255019730635269,3.422252685910386,1.1951711182135083,
CCW,map_v1/CCW/outer,175,4.260172196511093,3.4360017667664766,1.2293188644481798,
CCW,map_v1/CCW/outer,176,4.264852249730089,3.4499187431211378,1.2634666106828516,
CCW,map_v1/CCW/outer,177,4.269054433559553,3.46398738840248,1.2976143569175231,
CCW,map_v1/CCW/outer,178,4.272773848441115,3.4781912991994286,1.331762103152195,
CCW,map_v1/CCW/outer,179,4.2760061577033985,3.4925139143873682,1.3659098493868667,
CCW,map_v1/CCW/outer,180,4.278747592618394,3.506938534437674,1.4000575956215382,
CCW,map_v1/CCW/outer,181,4.280994956795622,3.5214483408886146,1.43420534185621,
CCW,map_v1/CCW/outer,182,4.282745629908981,3.5360264159549257,1.4683530880908815,
CCW,map_v1/CCW/outer,183,4.283997570751932,3.550655762253192,1.502500834325553,
CCW,map_v1/CCW/outer,184,4.284749319617455,3.5653193226200344,1.536648580560225,
CCW,map_v1/CCW/outer,185,4.285,3.5800000000000005,1.5707963267948966,SE
CCW,map_v1/CCW/outer,186,4.285,3.5950000000000006,1.5707963267948966,
CCW,map_v1/CCW/outer,187,4.285,3.6100000000000003,1.5707963267948966,
CCW,map_v1/CCW/outer,188,4.285,3.6250000000000004,1.5707963267948966,
CCW,map_v1/CCW/outer,189,4.285,3.6400000000000006,1.5707963267948966,
CCW,map_v1/CCW/outer,190,4.285,3.6550000000000002,1.5707963267948966,
CCW,map_v1/CCW/outer,191,4.285,3.6700000000000004,1.5707963267948966,
CCW,map_v1/CCW/outer,192,4.285,3.6850000000000005,1.5707963267948966,
CCW,map_v1/CCW/outer,193,4.285,3.7,1.5707963267948966,
CCW,map_v1/CCW/outer,194,4.285,3.7150000000000003,1.5707963267948966,
CCW,map_v1/CCW/outer,195,4.285,3.7300000000000004,1.5707963267948966,
CCW,map_v1/CCW/outer,196,4.285,3.745,1.5707963267948966,
CCW,map_v1/CCW/outer,197,4.285,3.7600000000000002,1.5707963267948966,
CCW,map_v1/CCW/outer,198,4.285,3.7750000000000004,1.5707963267948966,
CCW,map_v1/CCW/outer,199,4.285,3.79,1.5707963267948966,
CCW,map_v1/CCW/outer,200,4.285,3.805,1.5707963267948966,
CCW,map_v1/CCW/outer,201,4.285,3.8200000000000003,1.5707963267948966,
CCW,map_v1/CCW/outer,202,4.285,3.835,1.5707963267948966,
CCW,map_v1/CCW/outer,203,4.285,3.85,1.5707963267948966,
CCW,map_v1/CCW/outer,204,4.285,3.865,1.5707963267948966,
CCW,map_v1/CCW/outer,205,4.285,3.88,1.5707963267948966,
CCW,map_v1/CCW/outer,206,4.285,3.895,1.5707963267948966,
CCW,map_v1/CCW/outer,207,4.285,3.91,1.5707963267948966,
CCW,map_v1/CCW/outer,208,4.285,3.925,1.5707963267948966,
CCW,map_v1/CCW/outer,209,4.285,3.94,1.5707963267948966,
CCW,map_v1/CCW/outer,210,4.284749319617455,3.954680677379966,1.6049440730295683,
CCW,map_v1/CCW/outer,211,4.283997570751932,3.9693442377468084,1.6390918192642399,
CCW,map_v1/CCW/outer,212,4.282745629908981,3.9839735840450747,1.6732395654989116,
CCW,map_v1/CCW/outer,213,4.280994956795622,3.998551659111386,1.7073873117335832,
CCW,map_v1/CCW/outer,214,4.278747592618394,4.013061465562327,1.741535057968255,
CCW,map_v1/CCW/outer,215,4.2760061577033985,4.027486085612632,1.7756828042029265,
CCW,map_v1/CCW/outer,216,4.272773848441115,4.041808700800572,1.8098305504375982,
CCW,map_v1/CCW/outer,217,4.269054433559553,4.05601261159752,1.8439782966722698,
CCW,map_v1/CCW/outer,218,4.264852249730089,4.070081256878862,1.8781260429069415,
CCW,map_v1/CCW/outer,219,4.260172196511093,4.083998233233524,1.9122737891416133,
CCW,map_v1/CCW/outer,220,4.255019730635269,4.097747314089614,1.9464215353762848,
CCW,map_v1/CCW/outer,221,4.249400859647345,4.1113124686338836,1.9805692816109566,
CCW,map_v1/CCW/outer,222,4.243322134899549,4.124677880502936,2.014717027845628,
CCW,map_v1/CCW/outer,223,4.236790643913022,4.137827966224395,2.0488647740803,
CCW,map_v1/CCW/outer,224,4.229814002114083,4.150747393386547,2.0830125203149716,
CCW,map_v1/CCW/outer,225,4.22240034395499,4.1634210985152365,2.117160266549643,
CCW,map_v1/CCW/outer,226,4.214558313429526,4.175834304637207,2.151308012784315,
CCW,map_v1/CCW/outer,227,4.20629705399449,4.187972538509393,2.1854557590189865,
CCW,map_v1/CCW/outer,228,4.197626197908839,4.199821647494071,2.2196035052536582,
CCW,map_v1/CCW/outer,229,4.1885558550029005,4.211367816060203,2.25375125148833,
CCW,map_v1/CCW/outer,230,4.179096600890765,4.222597581891728,2.2878989977230013,
CCW,map_v1/CCW/outer,231,4.169259464639594,4.233497851584021,2.322046743957673,
CCW,map_v1/CCW/outer,232,4.159055915910216,4.244055915910216,2.356194490192345,
CCW,map_v1/CCW/outer,233,4.148497851584021,4.254259464639594,2.3903422364270166,
CCW,map_v1/CCW/outer,234,4.137597581891728,4.264096600890765,2.4244899826616884,
CCW,map_v1/CCW/outer,235,4.126367816060203,4.2735558550029005,2.4586377288963597,
CCW,map_v1/CCW/outer,236,4.114821647494071,4.282626197908839,2.4927854751310314,
CCW,map_v1/CCW/outer,237,4.102972538509393,4.29129705399449,2.526933221365703,
CCW,map_v1/CCW/outer,238,4.090834304637207,4.299558313429525,2.561080967600375,
CCW,map_v1/CCW/outer,239,4.0784210985152365,4.30740034395499,2.5952287138350467,
CCW,map_v1/CCW/outer,240,4.065747393386547,4.314814002114083,2.629376460069718,
CCW,map_v1/CCW/outer,241,4.052827966224395,4.321790643913022,2.66352420630439,
CCW,map_v1/CCW/outer,242,4.039677880502936,4.328322134899549,2.6976719525390616,
CCW,map_v1/CCW/outer,243,4.026312468633884,4.334400859647345,2.7318196987737333,
CCW,map_v1/CCW/outer,244,4.012747314089614,4.340019730635269,2.765967445008405,
CCW,map_v1/CCW/outer,245,3.9989982332335243,4.3451721965110925,2.8001151912430764,
CCW,map_v1/CCW/outer,246,3.9850812568788627,4.349852249730089,2.834262937477748,
CCW,map_v1/CCW/outer,247,3.9710126115975206,4.354054433559554,2.86841068371242,
CCW,map_v1/CCW/outer,248,3.956808700800572,4.357773848441115,2.9025584299470912,
CCW,map_v1/CCW/outer,249,3.9424860856126327,4.3610061577033985,2.9367061761817634,
CCW,map_v1/CCW/outer,250,3.9280614655623265,4.363747592618394,2.9708539224164348,
CCW,map_v1/CCW/outer,251,3.913551659111386,4.365994956795622,3.0050016686511065,
CCW,map_v1/CCW/outer,252,3.8989735840450748,4.367745629908981,3.0391494148857783,
CCW,map_v1/CCW/outer,253,3.8843442377468085,4.368997570751932,3.0732971611204496,
CCW,map_v1/CCW/outer,254,3.869680677379966,4.369749319617455,3.107444907355122,
CCW,map_v1/CCW/outer,255,3.855,4.37,3.141592653589793,NE
CCW,map_v1/CCW/outer,256,3.8400276243093923,4.37,3.141592653589793,
CCW,map_v1/CCW/outer,257,3.8250552486187845,4.37,3.141592653589793,
CCW,map_v1/CCW/outer,258,3.810082872928177,4.37,3.141592653589793,
CCW,map_v1/CCW/outer,259,3.795110497237569,4.37,3.141592653589793,
CCW,map_v1/CCW/outer,260,3.7801381215469614,4.37,3.141592653589793,
CCW,map_v1/CCW/outer,261,3.7651657458563537,4.37,3.141592653589793,
CCW,map_v1/CCW/outer,262,3.750193370165746,4.37,3.141592653589793,
CCW,map_v1/CCW/outer,263,3.7352209944751382,4.37,3.141592653589793,
CCW,map_v1/CCW/outer,264,3.7202486187845305,4.37,3.141592653589793,
CCW,map_v1/CCW/outer,265,3.705276243093923,4.37,3.141592653589793,
CCW,map_v1/CCW/outer,266,3.690303867403315,4.37,3.141592653589793,
CCW,map_v1/CCW/outer,267,3.6753314917127073,4.37,3.141592653589793,
CCW,map_v1/CCW/outer,268,3.6603591160220996,4.37,3.141592653589793,
CCW,map_v1/CCW/outer,269,3.645386740331492,4.37,3.141592653589793,
CCW,map_v1/CCW/outer,270,3.6304143646408837,4.37,3.141592653589793,
CCW,map_v1/CCW/outer,271,3.615441988950276,4.37,3.141592653589793,
CCW,map_v1/CCW/outer,272,3.6004696132596683,4.37,3.141592653589793,
CCW,map_v1/CCW/outer,273,3.5854972375690606,4.37,3.141592653589793,
CCW,map_v1/CCW/outer,274,3.570524861878453,4.37,3.141592653589793,
CCW,map_v1/CCW/outer,275,3.555552486187845,4.37,3.141592653589793,
CCW,map_v1/CCW/outer,276,3.5405801104972374,4.37,3.141592653589793,
CCW,map_v1/CCW/outer,277,3.5256077348066297,4.37,3.141592653589793,
CCW,map_v1/CCW/outer,278,3.510635359116022,4.37,3.141592653589793,
CCW,map_v1/CCW/outer,279,3.4956629834254143,4.37,3.141592653589793,
CCW,map_v1/CCW/outer,280,3.4806906077348065,4.37,3.141592653589793,
CCW,map_v1/CCW/outer,281,3.465718232044199,4.37,3.141592653589793,
CCW,map_v1/CCW/outer,282,3.450745856353591,4.37,3.141592653589793,
CCW,map_v1/CCW/outer,283,3.4357734806629834,4.37,3.141592653589793,
CCW,map_v1/CCW/outer,284,3.4208011049723757,4.37,3.141592653589793,
CCW,map_v1/CCW/outer,285,3.405828729281768,4.37,3.141592653589793,
CCW,map_v1/CCW/outer,286,3.39085635359116,4.37,3.141592653589793,
CCW,map_v1/CCW/outer,287,3.3758839779005525,4.37,3.141592653589793,
CCW,map_v1/CCW/outer,288,3.360911602209945,4.37,3.141592653589793,
CCW,map_v1/CCW/outer,289,3.345939226519337,4.37,3.141592653589793,
CCW,map_v1/CCW/outer,290,3.3309668508287293,4.37,3.141592653589793,
CCW,map_v1/CCW/outer,291,3.3159944751381216,4.37,3.141592653589793,
CCW,map_v1/CCW/outer,292,3.301022099447514,4.37,3.141592653589793,
CCW,map_v1/CCW/outer,293,3.286049723756906,4.37,3.141592653589793,
CCW,map_v1/CCW/outer,294,3.2710773480662985,4.37,3.141592653589793,
CCW,map_v1/CCW/outer,295,3.2561049723756907,4.37,3.141592653589793,
CCW,map_v1/CCW/outer,296,3.241132596685083,4.37,3.141592653589793,
CCW,map_v1/CCW/outer,297,3.2261602209944753,4.37,3.141592653589793,
CCW,map_v1/CCW/outer,298,3.2111878453038676,4.37,3.141592653589793,
CCW,map_v1/CCW/outer,299,3.19621546961326,4.37,3.141592653589793,
CCW,map_v1/CCW/outer,300,3.181243093922652,4.37,3.141592653589793,
CCW,map_v1/CCW/outer,301,3.166270718232044,4.37,3.141592653589793,
CCW,map_v1/CCW/outer,302,3.1512983425414367,4.37,3.141592653589793,
CCW,map_v1/CCW/outer,303,3.136325966850829,4.37,3.141592653589793,
CCW,map_v1/CCW/outer,304,3.1213535911602213,4.37,3.141592653589793,
CCW,map_v1/CCW/outer,305,3.106381215469613,4.37,3.141592653589793,
CCW,map_v1/CCW/outer,306,3.0914088397790054,4.37,3.141592653589793,
CCW,map_v1/CCW/outer,307,3.0764364640883977,4.37,3.141592653589793,
CCW,map_v1/CCW/outer,308,3.0614640883977904,4.37,3.141592653589793,
CCW,map_v1/CCW/outer,309,3.046491712707182,4.37,3.141592653589793,
CCW,map_v1/CCW/outer,310,3.0315193370165745,4.37,3.141592653589793,
CCW,map_v1/CCW/outer,311,3.016546961325967,4.37,3.141592653589793,
CCW,map_v1/CCW/outer,312,3.001574585635359,4.37,3.141592653589793,
CCW,map_v1/CCW/outer,313,2.9866022099447513,4.37,3.141592653589793,
CCW,map_v1/CCW/outer,314,2.9716298342541436,4.37,3.141592653589793,
CCW,map_v1/CCW/outer,315,2.956657458563536,4.37,3.141592653589793,
CCW,map_v1/CCW/outer,316,2.941685082872928,4.37,3.141592653589793,
CCW,map_v1/CCW/outer,317,2.9267127071823205,4.37,3.141592653589793,
CCW,map_v1/CCW/outer,318,2.9117403314917127,4.37,3.141592653589793,
CCW,map_v1/CCW/outer,319,2.896767955801105,4.37,3.141592653589793,
CCW,map_v1/CCW/outer,320,2.8817955801104973,4.37,3.141592653589793,
CCW,map_v1/CCW/outer,321,2.8668232044198896,4.37,3.141592653589793,
CCW,map_v1/CCW/outer,322,2.851850828729282,4.37,3.141592653589793,
CCW,map_v1/CCW/outer,323,2.836878453038674,4.37,3.141592653589793,
CCW,map_v1/CCW/outer,324,2.821906077348066,4.37,3.141592653589793,
CCW,map_v1/CCW/outer,325,2.8069337016574583,4.37,3.141592653589793,
CCW,map_v1/CCW/outer,326,2.7919613259668505,4.37,3.141592653589793,
CCW,map_v1/CCW/outer,327,2.776988950276243,4.37,3.141592653589793,
CCW,map_v1/CCW/outer,328,2.762016574585635,4.37,3.141592653589793,
CCW,map_v1/CCW/outer,329,2.7470441988950274,4.37,3.141592653589793,
CCW,map_v1/CCW/outer,330,2.7320718232044197,4.37,3.141592653589793,
CCW,map_v1/CCW/outer,331,2.717099447513812,4.37,3.141592653589793,
CCW,map_v1/CCW/outer,332,2.702127071823204,4.37,3.141592653589793,
CCW,map_v1/CCW/outer,333,2.6871546961325965,4.37,3.141592653589793,
CCW,map_v1/CCW/outer,334,2.672182320441989,4.37,3.141592653589793,
CCW,map_v1/CCW/outer,335,2.657209944751381,4.37,3.141592653589793,
CCW,map_v1/CCW/outer,336,2.6422375690607733,4.37,3.141592653589793,
CCW,map_v1/CCW/outer,337,2.6272651933701656,4.37,3.141592653589793,
CCW,map_v1/CCW/outer,338,2.612292817679558,4.37,3.141592653589793,
CCW,map_v1/CCW/outer,339,2.59732044198895,4.37,3.141592653589793,
CCW,map_v1/CCW/outer,340,2.5823480662983425,4.37,3.141592653589793,
CCW,map_v1/CCW/outer,341,2.5673756906077347,4.37,3.141592653589793,
CCW,map_v1/CCW/outer,342,2.552403314917127,4.37,3.141592653589793,
CCW,map_v1/CCW/outer,343,2.5374309392265193,4.37,3.141592653589793,
CCW,map_v1/CCW/outer,344,2.5224585635359116,4.37,3.141592653589793,
CCW,map_v1/CCW/outer,345,2.507486187845304,4.37,3.141592653589793,
CCW,map_v1/CCW/outer,346,2.492513812154696,4.37,3.141592653589793,
CCW,map_v1/CCW/outer,347,2.4775414364640884,4.37,3.141592653589793,
CCW,map_v1/CCW/outer,348,2.4625690607734807,4.37,3.141592653589793,
CCW,map_v1/CCW/outer,349,2.447596685082873,4.37,3.141592653589793,
CCW,map_v1/CCW/outer,350,2.4326243093922653,4.37,3.141592653589793,
CCW,map_v1/CCW/outer,351,2.4176519337016575,4.37,3.141592653589793,
CCW,map_v1/CCW/outer,352,2.40267955801105,4.37,3.141592653589793,
CCW,map_v1/CCW/outer,353,2.387707182320442,4.37,3.141592653589793,
CCW,map_v1/CCW/outer,354,2.3727348066298344,4.37,3.141592653589793,
CCW,map_v1/CCW/outer,355,2.3577624309392267,4.37,3.141592653589793,
CCW,map_v1/CCW/outer,356,2.342790055248619,4.37,3.141592653589793,
CCW,map_v1/CCW/outer,357,2.327817679558011,4.37,3.141592653589793,
CCW,map_v1/CCW/outer,358,2.3128453038674035,4.37,3.141592653589793,
CCW,map_v1/CCW/outer,359,2.297872928176796,4.37,3.141592653589793,
CCW,map_v1/CCW/outer,360,2.282900552486188,4.37,3.141592653589793,
CCW,map_v1/CCW/outer,361,2.2679281767955803,4.37,3.141592653589793,
CCW,map_v1/CCW/outer,362,2.252955801104972,4.37,3.141592653589793,
CCW,map_v1/CCW/outer,363,2.2379834254143645,4.37,3.141592653589793,
CCW,map_v1/CCW/outer,364,2.223011049723757,4.37,3.141592653589793,
CCW,map_v1/CCW/outer,365,2.2080386740331495,4.37,3.141592653589793,
CCW,map_v1/CCW/outer,366,2.1930662983425417,4.37,3.141592653589793,
CCW,map_v1/CCW/outer,367,2.178093922651934,4.37,3.141592653589793,
CCW,map_v1/CCW/outer,368,2.1631215469613263,4.37,3.141592653589793,
CCW,map_v1/CCW/outer,369,2.1481491712707186,4.37,3.141592653589793,
CCW,map_v1/CCW/outer,370,2.1331767955801104,4.37,3.141592653589793,
CCW,map_v1/CCW/outer,371,2.1182044198895027,4.37,3.141592653589793,
CCW,map_v1/CCW/outer,372,2.103232044198895,4.37,3.141592653589793,
CCW,map_v1/CCW/outer,373,2.0882596685082873,4.37,3.141592653589793,
CCW,map_v1/CCW/outer,374,2.0732872928176795,4.37,3.141592653589793,
CCW,map_v1/CCW/outer,375,2.058314917127072,4.37,3.141592653589793,
CCW,map_v1/CCW/outer,376,2.043342541436464,4.37,3.141592653589793,
CCW,map_v1/CCW/outer,377,2.028370165745856,4.37,3.141592653589793,
CCW,map_v1/CCW/outer,378,2.013397790055248,4.37,3.141592653589793,
CCW,map_v1/CCW/outer,379,1.9984254143646407,4.37,3.141592653589793,
CCW,map_v1/CCW/outer,380,1.9834530386740332,4.37,3.141592653589793,
CCW,map_v1/CCW/outer,381,1.9684806629834255,4.37,3.141592653589793,
CCW,map_v1/CCW/outer,382,1.9535082872928178,4.37,3.141592653589793,
CCW,map_v1/CCW/outer,383,1.93853591160221,4.37,3.141592653589793,
CCW,map_v1/CCW/outer,384,1.9235635359116023,4.37,3.141592653589793,
CCW,map_v1/CCW/outer,385,1.9085911602209944,4.37,3.141592653589793,
CCW,map_v1/CCW/outer,386,1.8936187845303867,4.37,3.141592653589793,
CCW,map_v1/CCW/outer,387,1.878646408839779,4.37,3.141592653589793,
CCW,map_v1/CCW/outer,388,1.8636740331491712,4.37,3.141592653589793,
CCW,map_v1/CCW/outer,389,1.8487016574585637,4.37,3.141592653589793,
CCW,map_v1/CCW/outer,390,1.833729281767956,4.37,3.141592653589793,
CCW,map_v1/CCW/outer,391,1.8187569060773483,4.37,3.141592653589793,
CCW,map_v1/CCW/outer,392,1.8037845303867406,4.37,3.141592653589793,
CCW,map_v1/CCW/outer,393,1.7888121546961324,4.37,3.141592653589793,
CCW,map_v1/CCW/outer,394,1.7738397790055247,4.37,3.141592653589793,
CCW,map_v1/CCW/outer,395,1.758867403314917,4.37,3.141592653589793,
CCW,map_v1/CCW/outer,396,1.7438950276243093,4.37,3.141592653589793,
CCW,map_v1/CCW/outer,397,1.7289226519337015,4.37,3.141592653589793,
CCW,map_v1/CCW/outer,398,1.7139502762430938,4.37,3.141592653589793,
CCW,map_v1/CCW/outer,399,1.698977900552486,4.37,3.141592653589793,
CCW,map_v1/CCW/outer,400,1.6840055248618784,4.37,3.141592653589793,
CCW,map_v1/CCW/outer,401,1.6690331491712707,4.37,3.141592653589793,
CCW,map_v1/CCW/outer,402,1.654060773480663,4.37,3.141592653589793,
CCW,map_v1/CCW/outer,403,1.6390883977900552,4.37,3.141592653589793,
CCW,map_v1/CCW/outer,404,1.6241160220994475,4.37,3.141592653589793,
CCW,map_v1/CCW/outer,405,1.6091436464088398,4.37,3.141592653589793,
CCW,map_v1/CCW/outer,406,1.594171270718232,4.37,3.141592653589793,
CCW,map_v1/CCW/outer,407,1.5791988950276243,4.37,3.141592653589793,
CCW,map_v1/CCW/outer,408,1.5642265193370166,4.37,3.141592653589793,
CCW,map_v1/CCW/outer,409,1.549254143646409,4.37,3.141592653589793,
CCW,map_v1/CCW/outer,410,1.5342817679558012,4.37,3.141592653589793,
CCW,map_v1/CCW/outer,411,1.5193093922651935,4.37,3.141592653589793,
CCW,map_v1/CCW/outer,412,1.5043370165745857,4.37,3.141592653589793,
CCW,map_v1/CCW/outer,413,1.489364640883978,4.37,3.141592653589793,
CCW,map_v1/CCW/outer,414,1.4743922651933703,4.37,3.141592653589793,
CCW,map_v1/CCW/outer,415,1.4594198895027626,4.37,3.141592653589793,
CCW,map_v1/CCW/outer,416,1.4444475138121549,4.37,3.141592653589793,
CCW,map_v1/CCW/outer,417,1.4294751381215467,4.37,3.141592653589793,
CCW,map_v1/CCW/outer,418,1.414502762430939,4.37,3.141592653589793,
CCW,map_v1/CCW/outer,419,1.3995303867403313,4.37,3.141592653589793,
CCW,map_v1/CCW/outer,420,1.384558011049724,4.37,3.141592653589793,
CCW,map_v1/CCW/outer,421,1.3695856353591163,4.37,3.141592653589793,
CCW,map_v1/CCW/outer,422,1.3546132596685085,4.37,3.141592653589793,
CCW,map_v1/CCW/outer,423,1.3396408839779008,4.37,3.141592653589793,
CCW,map_v1/CCW/outer,424,1.324668508287293,4.37,3.141592653589793,
CCW,map_v1/CCW/outer,425,1.309696132596685,4.37,3.141592653589793,
CCW,map_v1/CCW/outer,426,1.2947237569060772,4.37,3.141592653589793,
CCW,map_v1/CCW/outer,427,1.2797513812154695,4.37,3.141592653589793,
CCW,map_v1/CCW/outer,428,1.2647790055248618,4.37,3.141592653589793,
CCW,map_v1/CCW/outer,429,1.249806629834254,4.37,3.141592653589793,
CCW,map_v1/CCW/outer,430,1.2348342541436463,4.37,3.141592653589793,
CCW,map_v1/CCW/outer,431,1.2198618784530386,4.37,3.141592653589793,
CCW,map_v1/CCW/outer,432,1.204889502762431,4.37,3.141592653589793,
CCW,map_v1/CCW/outer,433,1.1899171270718232,4.37,3.141592653589793,
CCW,map_v1/CCW/outer,434,1.1749447513812155,4.37,3.141592653589793,
CCW,map_v1/CCW/outer,435,1.1599723756906077,4.37,3.141592653589793,
CCW,map_v1/CCW/outer,436,1.145,4.37,3.141592653589793,
CCW,map_v1/CCW/outer,437,1.1303193226200339,4.369749319617455,-3.107444907355122,
CCW,map_v1/CCW/outer,438,1.1156557622531915,4.368997570751932,-3.07329716112045,
CCW,map_v1/CCW/outer,439,1.1010264159549252,4.367745629908981,-3.0391494148857787,
CCW,map_v1/CCW/outer,440,1.086448340888614,4.365994956795622,-3.005001668651107,
CCW,map_v1/CCW/outer,441,1.0719385344376733,4.363747592618394,-2.970853922416435,
CCW,map_v1/CCW/outer,442,1.0575139143873675,4.3610061577033985,-2.936706176181764,
CCW,map_v1/CCW/outer,443,1.0431912991994279,4.357773848441115,-2.9025584299470917,
CCW,map_v1/CCW/outer,444,1.0289873884024796,4.354054433559554,-2.8684106837124204,
CCW,map_v1/CCW/outer,445,1.0149187431211375,4.349852249730089,-2.8342629374777486,
CCW,map_v1/CCW/outer,446,1.001001766766476,4.3451721965110925,-2.800115191243077,
CCW,map_v1/CCW/outer,447,0.9872526859103857,4.340019730635269,-2.7659674450084055,
CCW,map_v1/CCW/outer,448,0.9736875313661162,4.334400859647345,-2.7318196987737333,
CCW,map_v1/CCW/outer,449,0.9603221194970648,4.328322134899549,-2.697671952539062,
CCW,map_v1/CCW/outer,450,0.9471720337756047,4.321790643913022,-2.6635242063043902,
CCW,map_v1/CCW/outer,451,0.9342526066134526,4.314814002114083,-2.6293764600697185,
CCW,map_v1/CCW/outer,452,0.9215789014847636,4.30740034395499,-2.595228713835047,
CCW,map_v1/CCW/outer,453,0.9091656953627929,4.299558313429525,-2.561080967600375,
CCW,map_v1/CCW/outer,454,0.8970274614906071,4.29129705399449,-2.5269332213657036,
CCW,map_v1/CCW/outer,455,0.8851783525059294,4.282626197908839,-2.4927854751310314,
CCW,map_v1/CCW/outer,456,0.8736321839397972,4.2735558550029005,-2.45863772889636,
CCW,map_v1/CCW/outer,457,0.8624024181082719,4.264096600890765,-2.424489982661689,
CCW,map_v1/CCW/outer,458,0.8515021484159788,4.254259464639594,-2.390342236427017,
CCW,map_v1/CCW/outer,459,0.8409440840897846,4.244055915910216,-2.3561944901923453,
CCW,map_v1/CCW/outer,460,0.8307405353604066,4.233497851584021,-2.3220467439576735,
CCW,map_v1/CCW/outer,461,0.8209033991092347,4.222597581891728,-2.2878989977230018,
CCW,map_v1/CCW/outer,462,0.8114441449970995,4.211367816060203,-2.2537512514883304,
CCW,map_v1/CCW/outer,463,0.802373802091161,4.199821647494071,-2.219603505253659,
CCW,map_v1/CCW/outer,464,0.79370294600551,4.187972538509393,-2.1854557590189865,
CCW,map_v1/CCW/outer,465,0.7854416865704743,4.175834304637207,-2.1513080127843147,
CCW,map_v1/CCW/outer,466,0.7775996560450099,4.1634210985152365,-2.1171602665496434,
CCW,map_v1/CCW/outer,467,0.7701859978859169,4.150747393386547,-2.083012520314972,
CCW,map_v1/CCW/outer,468,0.7632093560869786,4.137827966224395,-2.0488647740803008,
CCW,map_v1/CCW/outer,469,0.7566778651004509,4.124677880502936,-2.0147170278456286,
CCW,map_v1/CCW/outer,470,0.7505991403526552,4.1113124686338836,-1.9805692816109561,
CCW,map_v1/CCW/outer,471,0.7449802693647317,4.097747314089614,-1.9464215353762848,
CCW,map_v1/CCW/outer,472,0.7398278034889072,4.083998233233524,-1.9122737891416135,
CCW,map_v1/CCW/outer,473,0.7351477502699109,4.070081256878862,-1.8781260429069422,
CCW,map_v1/CCW/outer,474,0.7309455664404463,4.05601261159752,-1.84397829667227,
CCW,map_v1/CCW/outer,475,0.7272261515588851,4.041808700800572,-1.8098305504375987,
CCW,map_v1/CCW/outer,476,0.7239938422966011,4.027486085612632,-1.7756828042029265,
CCW,map_v1/CCW/outer,477,0.7212524073816053,4.013061465562327,-1.7415350579682551,
CCW,map_v1/CCW/outer,478,0.7190050432043777,3.998551659111386,-1.7073873117335838,
CCW,map_v1/CCW/outer,479,0.7172543700910192,3.9839735840450747,-1.6732395654989116,
CCW,map_v1/CCW/outer,480,0.7160024292480681,3.9693442377468084,-1.6390918192642403,
CCW,map_v1/CCW/outer,481,0.7152506803825451,3.954680677379966,-1.604944073029568,
CCW,map_v1/CCW/outer,482,0.715,3.94,-1.5707963267948968,NW
CCW,map_v1/CCW/outer,483,0.715,3.925,-1.5707963267948966,
CCW,map_v1/CCW/outer,484,0.715,3.91,-1.5707963267948966,
CCW,map_v1/CCW/outer,485,0.715,3.895,-1.5707963267948966,
CCW,map_v1/CCW/outer,486,0.715,3.88,-1.5707963267948966,
CCW,map_v1/CCW/outer,487,0.715,3.865,-1.5707963267948966,
CCW,map_v1/CCW/outer,488,0.715,3.85,-1.5707963267948966,
CCW,map_v1/CCW/outer,489,0.715,3.835,-1.5707963267948966,
CCW,map_v1/CCW/outer,490,0.715,3.8200000000000003,-1.5707963267948966,
CCW,map_v1/CCW/outer,491,0.715,3.805,-1.5707963267948966,
CCW,map_v1/CCW/outer,492,0.715,3.79,-1.5707963267948966,
CCW,map_v1/CCW/outer,493,0.715,3.7750000000000004,-1.5707963267948966,
CCW,map_v1/CCW/outer,494,0.715,3.7600000000000002,-1.5707963267948966,
CCW,map_v1/CCW/outer,495,0.715,3.745,-1.5707963267948966,
CCW,map_v1/CCW/outer,496,0.715,3.7300000000000004,-1.5707963267948966,
CCW,map_v1/CCW/outer,497,0.715,3.7150000000000003,-1.5707963267948966,
CCW,map_v1/CCW/outer,498,0.715,3.7,-1.5707963267948966,
CCW,map_v1/CCW/outer,499,0.715,3.6850000000000005,-1.5707963267948966,
CCW,map_v1/CCW/outer,500,0.715,3.6700000000000004,-1.5707963267948966,
CCW,map_v1/CCW/outer,501,0.715,3.6550000000000002,-1.5707963267948966,
CCW,map_v1/CCW/outer,502,0.715,3.6400000000000006,-1.5707963267948966,
CCW,map_v1/CCW/outer,503,0.715,3.6250000000000004,-1.5707963267948966,
CCW,map_v1/CCW/outer,504,0.715,3.6100000000000003,-1.5707963267948966,
CCW,map_v1/CCW/outer,505,0.715,3.5950000000000006,-1.5707963267948966,
CCW,map_v1/CCW/outer,506,0.715,3.5800000000000005,-1.5707963267948966,
CCW,map_v1/CCW/outer,507,0.7152506803825451,3.5653193226200344,-1.5366485805602255,
CCW,map_v1/CCW/outer,508,0.7160024292480681,3.550655762253192,-1.5025008343255533,
CCW,map_v1/CCW/outer,509,0.7172543700910192,3.5360264159549257,-1.468353088090882,
CCW,map_v1/CCW/outer,510,0.7190050432043777,3.5214483408886146,-1.4342053418562097,
CCW,map_v1/CCW/outer,511,0.7212524073816053,3.506938534437674,-1.4000575956215384,
CCW,map_v1/CCW/outer,512,0.7239938422966011,3.492513914387368,-1.365909849386867,
CCW,map_v1/CCW/outer,513,0.7272261515588851,3.478191299199428,-1.331762103152195,
CCW,map_v1/CCW/outer,514,0.7309455664404463,3.4639873884024803,-1.2976143569175236,
CCW,map_v1/CCW/outer,515,0.7351477502699109,3.4499187431211378,-1.2634666106828514,
CCW,map_v1/CCW/outer,516,0.7398278034889072,3.4360017667664766,-1.22931886444818,
CCW,map_v1/CCW/outer,517,0.7449802693647316,3.4222526859103866,-1.1951711182135087,
CCW,map_v1/CCW/outer,518,0.7505991403526551,3.408687531366117,-1.1610233719788374,
CCW,map_v1/CCW/outer,519,0.7566778651004509,3.3953221194970653,-1.1268756257441652,
CCW,map_v1/CCW/outer,520,0.7632093560869786,3.382172033775605,-1.092727879509493,
CCW,map_v1/CCW/outer,521,0.7701859978859169,3.369252606613453,-1.0585801332748217,
CCW,map_v1/CCW/outer,522,0.7775996560450098,3.356578901484764,-1.0244323870401504,
CCW,map_v1/CCW/outer,523,0.7854416865704743,3.3441656953627934,-0.9902846408054782,
CCW,map_v1/CCW/outer,524,0.7937029460055098,3.3320274614906076,-0.9561368945708069,
CCW,map_v1/CCW/outer,525,0.802373802091161,3.3201783525059296,-0.9219891483361347,
CCW,map_v1/CCW/outer,526,0.8114441449970995,3.308632183939798,-0.8878414021014633,
CCW,map_v1/CCW/outer,527,0.8209033991092347,3.2974024181082724,-0.853693655866792,
CCW,map_v1/CCW/outer,528,0.8307405353604065,3.2865021484159795,-0.8195459096321207,
CCW,map_v1/CCW/outer,529,0.8409440840897845,3.275944084089785,-0.7853981633974485,
CCW,map_v1/CCW/outer,530,0.8515021484159787,3.265740535360407,-0.7512504171627763,
CCW,map_v1/CCW/outer,531,0.8624024181082719,3.255903399109235,-0.717102670928105,
CCW,map_v1/CCW/outer,532,0.8736321839397971,3.2464441449971,-0.6829549246934337,
CCW,map_v1/CCW/outer,533,0.8851783525059291,3.2373738020911618,-0.6488071784587623,
CCW,map_v1/CCW/outer,534,0.8970274614906071,3.2287029460055106,-0.6146594322240903,
CCW,map_v1/CCW/outer,535,0.9091656953627928,3.220441686570475,-0.5805116859894188,
CCW,map_v1/CCW/outer,536,0.9215789014847635,3.2125996560450103,-0.5463639397547466,
CCW,map_v1/CCW/outer,537,0.9342526066134524,3.2051859978859176,-0.5122161935200753,
CCW,map_v1/CCW/outer,538,0.9471720337756043,3.1982093560869793,-0.47806844728540404,
CCW,map_v1/CCW/outer,539,0.9603221194970648,3.1916778651004516,-0.4439207010507318,
CCW,map_v1/CCW/outer,540,0.9736875313661164,3.1855991403526556,-0.40977295481605963,
CCW,map_v1/CCW/outer,541,0.9872526859103857,3.1799802693647323,-0.37562520858138826,
CCW,map_v1/CCW/outer,542,1.001001766766476,3.174827803488908,-0.34147746234671694,
CCW,map_v1/CCW/outer,543,1.0149187431211373,3.1701477502699116,-0.3073297161120457,
CCW,map_v1/CCW/outer,544,1.0289873884024796,3.165945566440447,-0.2731819698773734,
CCW,map_v1/CCW/outer,545,1.0431912991994277,3.162226151558886,-0.23903422364270213,
CCW,map_v1/CCW/outer,546,1.0575139143873675,3.1589938422966015,-0.20488647740802993,
CCW,map_v1/CCW/outer,547,1.0719385344376733,3.156252407381606,-0.17073873117335858,
CCW,map_v1/CCW/outer,548,1.0864483408886136,3.1540050432043785,-0.1365909849386873,
CCW,map_v1/CCW/outer,549,1.1010264159549252,3.1522543700910197,-0.10244323870401509,
CCW,map_v1/CCW/outer,550,1.1156557622531913,3.1510024292480687,-0.06829549246934376,
CCW,map_v1/CCW/outer,551,1.1303193226200339,3.1502506803825456,-0.03414774623467156,
CCW,map_v1/CCW/outer,552,1.145,3.1500000000000004,-2.4492935982947064e-16,SW
CCW,map_v1/CCW/outer,553,1.16,3.1500000000000004,0.0,
CCW,map_v1/CCW/outer,554,1.175,3.1500000000000004,0.0,
CCW,map_v1/CCW/outer,555,1.19,3.1500000000000004,0.0,
CCW,map_v1/CCW/outer,556,1.205,3.1500000000000004,0.0,
CCW,map_v1/CCW/outer,557,1.22,3.1500000000000004,0.0,
CCW,map_v1/CCW/outer,558,1.235,3.1500000000000004,0.0,
CCW,map_v1/CCW/outer,559,1.25,3.1500000000000004,0.0,
CCW,map_v1/CCW/outer,560,1.265,3.1500000000000004,0.0,
CCW,map_v1/CCW/outer,561,1.28,3.1500000000000004,0.0,
CCW,map_v1/CCW/outer,562,1.295,3.1500000000000004,0.0,
CCW,map_v1/CCW/outer,563,1.31,3.1500000000000004,0.0,
CCW,map_v1/CCW/outer,564,1.325,3.1500000000000004,0.0,
CCW,map_v1/CCW/outer,565,1.34,3.1500000000000004,0.0,
CCW,map_v1/CCW/outer,566,1.355,3.1500000000000004,0.0,
CCW,map_v1/CCW/outer,567,1.37,3.1500000000000004,0.0,
CCW,map_v1/CCW/outer,568,1.385,3.1500000000000004,0.0,
CCW,map_v1/CCW/outer,569,1.4,3.1500000000000004,0.0,
CCW,map_v1/CCW/outer,570,1.415,3.1500000000000004,0.0,
CCW,map_v1/CCW/outer,571,1.43,3.1500000000000004,0.0,
CCW,map_v1/CCW/outer,572,1.4449999999999998,3.1500000000000004,0.0,
CCW,map_v1/CCW/outer,573,1.46,3.1500000000000004,0.0,
CCW,map_v1/CCW/outer,574,1.475,3.1500000000000004,0.0,
CCW,map_v1/CCW/outer,575,1.49,3.1500000000000004,0.0,
CCW,map_v1/CCW/outer,576,1.505,3.1500000000000004,0.0,
CCW,map_v1/CCW/outer,577,1.52,3.1500000000000004,0.0,
CCW,map_v1/CCW/outer,578,1.535,3.1500000000000004,0.0,
CCW,map_v1/CCW/outer,579,1.55,3.1500000000000004,0.0,
CCW,map_v1/CCW/outer,580,1.565,3.1500000000000004,0.0,
CCW,map_v1/CCW/outer,581,1.58,3.1500000000000004,0.0,
CCW,map_v1/CCW/outer,582,1.595,3.1500000000000004,0.0,
CCW,map_v1/CCW/outer,583,1.6099999999999999,3.1500000000000004,0.0,
CCW,map_v1/CCW/outer,584,1.625,3.1500000000000004,0.0,
CCW,map_v1/CCW/outer,585,1.64,3.1500000000000004,0.0,
CCW,map_v1/CCW/outer,586,1.655,3.1500000000000004,0.0,
CCW,map_v1/CCW/outer,587,1.67,3.1500000000000004,0.0,
CCW,map_v1/CCW/outer,588,1.685,3.1500000000000004,0.0,
CCW,map_v1/CCW/outer,589,1.7,3.1500000000000004,0.0,
CCW,map_v1/CCW/outer,590,1.7149999999999999,3.1500000000000004,0.0,
CCW,map_v1/CCW/outer,591,1.73,3.1500000000000004,0.0,
CCW,map_v1/CCW/outer,592,1.7449999999999999,3.1500000000000004,0.0,
CCW,map_v1/CCW/outer,593,1.7599999999999998,3.1500000000000004,0.0,
CCW,map_v1/CCW/outer,594,1.775,3.1500000000000004,0.0,
CCW,map_v1/CCW/outer,595,1.79,3.1500000000000004,0.0,
CCW,map_v1/CCW/outer,596,1.805,3.1500000000000004,0.0,
CCW,map_v1/CCW/outer,597,1.8199999999999998,3.1500000000000004,0.0,
CCW,map_v1/CCW/outer,598,1.835,3.1500000000000004,0.0,
CCW,map_v1/CCW/outer,599,1.85,3.1500000000000004,0.0,
CCW,map_v1/CCW/outer,600,1.8649999999999998,3.1500000000000004,0.0,
CCW,map_v1/CCW/outer,601,1.88,3.1500000000000004,0.0,
CCW,map_v1/CCW/outer,602,1.895,3.1500000000000004,0.0,
CCW,map_v1/CCW/outer,603,1.91,3.1500000000000004,0.0,
CCW,map_v1/CCW/outer,604,1.9249999999999998,3.1500000000000004,0.0,
CCW,map_v1/CCW/outer,605,1.94,3.1500000000000004,0.0,
CCW,map_v1/CCW/outer,606,1.955,3.1500000000000004,0.0,
CCW,map_v1/CCW/outer,607,1.97,3.1500000000000004,0.0,
CCW,map_v1/CCW/outer,608,1.9849999999999999,3.1500000000000004,0.0,
CCW,map_v1/CCW/outer,609,2.0,3.1500000000000004,0.0,
CCW,map_v1/CCW/outer,610,2.0149999999999997,3.1500000000000004,0.0,
CCW,map_v1/CCW/outer,611,2.03,3.1500000000000004,0.0,
CCW,map_v1/CCW/outer,612,2.045,3.1500000000000004,0.0,
CCW,map_v1/CCW/outer,613,2.0599999999999996,3.1500000000000004,0.0,
CCW,map_v1/CCW/outer,614,2.075,3.1500000000000004,0.0,
CCW,map_v1/CCW/outer,615,2.09,3.1500000000000004,0.0,
CCW,map_v1/CCW/outer,616,2.105,3.1500000000000004,0.0,
CCW,map_v1/CCW/outer,617,2.12,3.1500000000000004,0.0,
CCW,map_v1/CCW/outer,618,2.135,3.1500000000000004,0.0,
CCW,map_v1/CCW/outer,619,2.15,3.1500000000000004,0.0,C_RING_COMPLETE|RETURN_SPLIT
CCW,map_v1/CCW/outer,620,2.164854421118652,3.149684638171639,-0.042453954778240544,
CCW,map_v1/CCW/outer,621,2.179682073566428,3.1487391209898847,-0.08490790955648087,
CCW,map_v1/CCW/outer,622,2.1944562369114076,3.147165152340607,-0.1273618643347214,
CCW,map_v1/CCW/outer,623,2.209150287112647,3.144965568621698,-0.16981581911296173,
CCW,map_v1/CCW/outer,624,2.223737744498504,3.1421443336316903,-0.21226977389120227,
CCW,map_v1/CCW/outer,625,2.2381923214847936,3.138706531426725,-0.2547237286694428,
CCW,map_v1/CCW/outer,626,2.2524879699467926,3.134658357158738,-0.29717768344768314,
CCW,map_v1/CCW/outer,627,2.26659892815972,3.1300071059113797,-0.33963163822592346,
CCW,map_v1/CCW/outer,628,2.280499767223108,3.1247611595537785,-0.382085593004164,
CCW,map_v1/CCW/outer,629,2.294165436885397,3.118929971635848,-0.42453954778240455,
CCW,map_v1/CCW/outer,630,2.3075713106861855,3.112524050352349,-0.46699350256064487,
CCW,map_v1/CCW/outer,631,2.320693230334772,3.105554939606416,-0.5094474573388854,
CCW,map_v1/CCW/outer,632,2.333507549245031,3.0980351982066594,-0.5519014121171256,
CCW,map_v1/CCW/outer,633,2.3459911751481584,3.089978377235345,-0.5943553668953662,
CCW,map_v1/CCW/outer,634,2.3581216117065003,3.0813989956284296,-0.6368093216736067,
CCW,map_v1/CCW/outer,635,2.3698769990534747,3.072312514011454,-0.6792632764518471,
CCW,map_v1/CCW/outer,636,2.3812361531865283,3.0627353068384537,-0.7217172312300877,
CCW,map_v1/CCW/outer,637,2.392178604142141,3.052684632884084,-0.764171186008328,
CCW,map_v1/CCW/outer,638,2.4026846328840836,3.0421786041421415,-0.8066251407865684,
CCW,map_v1/CCW/outer,639,2.4127353068384534,3.0312361531865286,-0.849079095564809,
CCW,map_v1/CCW/outer,640,2.4223125140114536,3.019876999053475,-0.8915330503430494,
CCW,map_v1/CCW/outer,641,2.431398995628429,3.0081216117065006,-0.9339870051212897,
CCW,map_v1/CCW/outer,642,2.4399783772353447,2.9959911751481587,-0.9764409598995303,
CCW,map_v1/CCW/outer,643,2.448035198206659,2.983507549245031,-1.0188949146777708,
CCW,map_v1/CCW/outer,644,2.4555549396064156,2.9706932303347724,-1.0613488694560111,
CCW,map_v1/CCW/outer,645,2.4625240503523487,2.957571310686186,-1.1038028242342517,
CCW,map_v1/CCW/outer,646,2.4689299716358475,2.9441654368853976,-1.146256779012492,
CCW,map_v1/CCW/outer,647,2.474761159553778,2.9304997672231083,-1.1887107337907326,
CCW,map_v1/CCW/outer,648,2.4800071059113793,2.91659892815972,-1.231164688568973,
CCW,map_v1/CCW/outer,649,2.4846583571587377,2.902487969946793,-1.2736186433472134,
CCW,map_v1/CCW/outer,650,2.4887065314267245,2.888192321484794,-1.3160725981254537,
CCW,map_v1/CCW/outer,651,2.49214433363169,2.8737377444985044,-1.3585265529036943,
CCW,map_v1/CCW/outer,652,2.494965568621698,2.8591502871126475,-1.4009805076819348,
CCW,map_v1/CCW/outer,653,2.4971651523406067,2.844456236911408,-1.4434344624601754,
CCW,map_v1/CCW/outer,654,2.4987391209898844,2.8296820735664285,-1.4858884172384157,
CCW,map_v1/CCW/outer,655,2.4996846381716384,2.8148544211186524,-1.528342372016656,
CCW,map_v1/CCW/outer,656,2.5,2.8000000000000003,-1.5707963267948966,
CCW,map_v1/CCW/outer,657,2.5,2.785714285714286,-1.5707963267948966,
CCW,map_v1/CCW/outer,658,2.5,2.771428571428572,-1.5707963267948966,
CCW,map_v1/CCW/outer,659,2.5,2.7571428571428576,-1.5707963267948966,
CCW,map_v1/CCW/outer,660,2.5,2.742857142857143,-1.5707963267948966,
CCW,map_v1/CCW/outer,661,2.5,2.7285714285714286,-1.5707963267948966,
CCW,map_v1/CCW/outer,662,2.5,2.7142857142857144,-1.5707963267948966,
CCW,map_v1/CCW/outer,663,2.5,2.7,-1.5707963267948966,
CCW,map_v1/CCW/outer,664,2.5,2.685714285714286,-1.5707963267948966,
CCW,map_v1/CCW/outer,665,2.5,2.6714285714285717,-1.5707963267948966,
CCW,map_v1/CCW/outer,666,2.5,2.6571428571428575,-1.5707963267948966,
CCW,map_v1/CCW/outer,667,2.5,2.642857142857143,-1.5707963267948966,
CCW,map_v1/CCW/outer,668,2.5,2.6285714285714286,-1.5707963267948966,
CCW,map_v1/CCW/outer,669,2.5,2.6142857142857143,-1.5707963267948966,
CCW,map_v1/CCW/outer,670,2.5,2.6,-1.5707963267948966,
CCW,map_v1/CCW/outer,671,2.5,2.585714285714286,-1.5707963267948966,
CCW,map_v1/CCW/outer,672,2.5,2.5714285714285716,-1.5707963267948966,
CCW,map_v1/CCW/outer,673,2.5,2.5571428571428574,-1.5707963267948966,
CCW,map_v1/CCW/outer,674,2.5,2.5428571428571427,-1.5707963267948966,
CCW,map_v1/CCW/outer,675,2.5,2.5285714285714285,-1.5707963267948966,
CCW,map_v1/CCW/outer,676,2.5,2.5142857142857142,-1.5707963267948966,
CCW,map_v1/CCW/outer,677,2.5,2.5,-1.5707963267948966,GATE_OUT
